"name", "x-coord", "y-coord", "conc.", "freq.", "ps_class", "stab_class", "wind_sec_class", "dist_class", "wind_sec_low", "wind_sec_up", "dist_low", "dist_up"
"", "", "", "NH3", "", "", "", "", "", "", "", "", ""
"", "m", "m", "ug/m3", "", "", "", "", "", "deg", "deg", "m", "m"
"rcp1", 155000, 385000, 1.000000, .1157407407407407E-02, 1, 1, 1, 1, -15.00000, 15.00000, .000000, 100000.0
"rcp1", 155000, 385000, 2.000000, .2314814814814815E-02, 1, 1, 1, 2, -15.00000, 15.00000, 100000.0, 300000.0
"rcp1", 155000, 385000, 3.000000, .3472222222222222E-02, 1, 1, 1, 3, -15.00000, 15.00000, 300000.0, 1000000.
"rcp1", 155000, 385000, 4.000000, .4629629629629629E-02, 1, 1, 1, 4, -15.00000, 15.00000, 1000000., 3000000.
"rcp1", 155000, 385000, 2.000000, .2314814814814815E-02, 1, 1, 2, 1, 15.00000, 45.00000, .000000, 100000.0
"rcp1", 155000, 385000, 4.000000, .4629629629629629E-02, 1, 1, 2, 2, 15.00000, 45.00000, 100000.0, 300000.0
"rcp1", 155000, 385000, 6.000000, .6944444444444444E-02, 1, 1, 2, 3, 15.00000, 45.00000, 300000.0, 1000000.
"rcp1", 155000, 385000, 8.000000, .9259259259259259E-02, 1, 1, 2, 4, 15.00000, 45.00000, 1000000., 3000000.
"rcp1", 155000, 385000, 3.000000, .3472222222222222E-02, 1, 1, 3, 1, 45.00000, 75.00000, .000000, 100000.0
"rcp1", 155000, 385000, 6.000000, .6944444444444444E-02, 1, 1, 3, 2, 45.00000, 75.00000, 100000.0, 300000.0
"rcp1", 155000, 385000, 9.000000, .1041666666666667E-01, 1, 1, 3, 3, 45.00000, 75.00000, 300000.0, 1000000.
"rcp1", 155000, 385000, 12.00000, .1388888888888889E-01, 1, 1, 3, 4, 45.00000, 75.00000, 1000000., 3000000.
"rcp1", 155000, 385000, 4.000000, .4629629629629629E-02, 1, 1, 4, 1, 75.00000, 105.0000, .000000, 100000.0
"rcp1", 155000, 385000, 8.000000, .9259259259259259E-02, 1, 1, 4, 2, 75.00000, 105.0000, 100000.0, 300000.0
"rcp1", 155000, 385000, 12.00000, .1388888888888889E-01, 1, 1, 4, 3, 75.00000, 105.0000, 300000.0, 1000000.
"rcp1", 155000, 385000, 16.00000, .1851851851851852E-01, 1, 1, 4, 4, 75.00000, 105.0000, 1000000., 3000000.
"rcp1", 155000, 385000, 5.000000, .5787037037037037E-02, 1, 1, 5, 1, 105.0000, 135.0000, .000000, 100000.0
"rcp1", 155000, 385000, 10.00000, .1157407407407407E-01, 1, 1, 5, 2, 105.0000, 135.0000, 100000.0, 300000.0
"rcp1", 155000, 385000, 15.00000, .1736111111111111E-01, 1, 1, 5, 3, 105.0000, 135.0000, 300000.0, 1000000.
"rcp1", 155000, 385000, 20.00000, .2314814814814815E-01, 1, 1, 5, 4, 105.0000, 135.0000, 1000000., 3000000.
"rcp1", 155000, 385000, 6.000000, .6944444444444444E-02, 1, 1, 6, 1, 135.0000, 165.0000, .000000, 100000.0
"rcp1", 155000, 385000, 12.00000, .1388888888888889E-01, 1, 1, 6, 2, 135.0000, 165.0000, 100000.0, 300000.0
"rcp1", 155000, 385000, 18.00000, .2083333333333333E-01, 1, 1, 6, 3, 135.0000, 165.0000, 300000.0, 1000000.
"rcp1", 155000, 385000, 24.00000, .2777777777777778E-01, 1, 1, 6, 4, 135.0000, 165.0000, 1000000., 3000000.
"rcp1", 155000, 385000, 7.000000, .8101851851851851E-02, 1, 1, 7, 1, 165.0000, 195.0000, .000000, 100000.0
"rcp1", 155000, 385000, 14.00000, .1620370370370370E-01, 1, 1, 7, 2, 165.0000, 195.0000, 100000.0, 300000.0
"rcp1", 155000, 385000, 21.00000, .2430555555555556E-01, 1, 1, 7, 3, 165.0000, 195.0000, 300000.0, 1000000.
"rcp1", 155000, 385000, 28.00000, .3240740740740741E-01, 1, 1, 7, 4, 165.0000, 195.0000, 1000000., 3000000.
"rcp1", 155000, 385000, 8.000000, .9259259259259259E-02, 1, 1, 8, 1, 195.0000, 225.0000, .000000, 100000.0
"rcp1", 155000, 385000, 16.00000, .1851851851851852E-01, 1, 1, 8, 2, 195.0000, 225.0000, 100000.0, 300000.0
"rcp1", 155000, 385000, 24.00000, .2777777777777778E-01, 1, 1, 8, 3, 195.0000, 225.0000, 300000.0, 1000000.
"rcp1", 155000, 385000, 32.00000, .3703703703703703E-01, 1, 1, 8, 4, 195.0000, 225.0000, 1000000., 3000000.
"rcp1", 155000, 385000, 9.000000, .1041666666666667E-01, 1, 1, 9, 1, 225.0000, 255.0000, .000000, 100000.0
"rcp1", 155000, 385000, 18.00000, .2083333333333333E-01, 1, 1, 9, 2, 225.0000, 255.0000, 100000.0, 300000.0
"rcp1", 155000, 385000, 27.00000, .3125000000000000E-01, 1, 1, 9, 3, 225.0000, 255.0000, 300000.0, 1000000.
"rcp1", 155000, 385000, 36.00000, .4166666666666666E-01, 1, 1, 9, 4, 225.0000, 255.0000, 1000000., 3000000.
"rcp1", 155000, 385000, 10.00000, .1157407407407407E-01, 1, 1, 10, 1, 255.0000, 285.0000, .000000, 100000.0
"rcp1", 155000, 385000, 20.00000, .2314814814814815E-01, 1, 1, 10, 2, 255.0000, 285.0000, 100000.0, 300000.0
"rcp1", 155000, 385000, 30.00000, .3472222222222222E-01, 1, 1, 10, 3, 255.0000, 285.0000, 300000.0, 1000000.
"rcp1", 155000, 385000, 40.00000, .4629629629629629E-01, 1, 1, 10, 4, 255.0000, 285.0000, 1000000., 3000000.
"rcp1", 155000, 385000, 11.00000, .1273148148148148E-01, 1, 1, 11, 1, 285.0000, 315.0000, .000000, 100000.0
"rcp1", 155000, 385000, 22.00000, .2546296296296296E-01, 1, 1, 11, 2, 285.0000, 315.0000, 100000.0, 300000.0
"rcp1", 155000, 385000, 33.00000, .3819444444444445E-01, 1, 1, 11, 3, 285.0000, 315.0000, 300000.0, 1000000.
"rcp1", 155000, 385000, 44.00000, .5092592592592592E-01, 1, 1, 11, 4, 285.0000, 315.0000, 1000000., 3000000.
"rcp1", 155000, 385000, 12.00000, .1388888888888889E-01, 1, 1, 12, 1, 315.0000, 345.0000, .000000, 100000.0
"rcp1", 155000, 385000, 24.00000, .2777777777777778E-01, 1, 1, 12, 2, 315.0000, 345.0000, 100000.0, 300000.0
"rcp1", 155000, 385000, 36.00000, .4166666666666666E-01, 1, 1, 12, 3, 315.0000, 345.0000, 300000.0, 1000000.
"rcp1", 155000, 385000, 48.00000, .5555555555555555E-01, 1, 1, 12, 4, 315.0000, 345.0000, 1000000., 3000000.
"rcp1", 155000, 385000, 2.000000, .2314814814814815E-02, 1, 2, 1, 1, -15.00000, 15.00000, .000000, 100000.0
"rcp1", 155000, 385000, 4.000000, .4629629629629629E-02, 1, 2, 1, 2, -15.00000, 15.00000, 100000.0, 300000.0
"rcp1", 155000, 385000, 6.000000, .6944444444444444E-02, 1, 2, 1, 3, -15.00000, 15.00000, 300000.0, 1000000.
"rcp1", 155000, 385000, 8.000000, .9259259259259259E-02, 1, 2, 1, 4, -15.00000, 15.00000, 1000000., 3000000.
"rcp1", 155000, 385000, 4.000000, .4629629629629629E-02, 1, 2, 2, 1, 15.00000, 45.00000, .000000, 100000.0
"rcp1", 155000, 385000, 8.000000, .9259259259259259E-02, 1, 2, 2, 2, 15.00000, 45.00000, 100000.0, 300000.0
"rcp1", 155000, 385000, 12.00000, .1388888888888889E-01, 1, 2, 2, 3, 15.00000, 45.00000, 300000.0, 1000000.
"rcp1", 155000, 385000, 16.00000, .1851851851851852E-01, 1, 2, 2, 4, 15.00000, 45.00000, 1000000., 3000000.
"rcp1", 155000, 385000, 6.000000, .6944444444444444E-02, 1, 2, 3, 1, 45.00000, 75.00000, .000000, 100000.0
"rcp1", 155000, 385000, 12.00000, .1388888888888889E-01, 1, 2, 3, 2, 45.00000, 75.00000, 100000.0, 300000.0
"rcp1", 155000, 385000, 18.00000, .2083333333333333E-01, 1, 2, 3, 3, 45.00000, 75.00000, 300000.0, 1000000.
"rcp1", 155000, 385000, 24.00000, .2777777777777778E-01, 1, 2, 3, 4, 45.00000, 75.00000, 1000000., 3000000.
"rcp1", 155000, 385000, 8.000000, .9259259259259259E-02, 1, 2, 4, 1, 75.00000, 105.0000, .000000, 100000.0
"rcp1", 155000, 385000, 16.00000, .1851851851851852E-01, 1, 2, 4, 2, 75.00000, 105.0000, 100000.0, 300000.0
"rcp1", 155000, 385000, 24.00000, .2777777777777778E-01, 1, 2, 4, 3, 75.00000, 105.0000, 300000.0, 1000000.
"rcp1", 155000, 385000, 32.00000, .3703703703703703E-01, 1, 2, 4, 4, 75.00000, 105.0000, 1000000., 3000000.
"rcp1", 155000, 385000, 10.00000, .1157407407407407E-01, 1, 2, 5, 1, 105.0000, 135.0000, .000000, 100000.0
"rcp1", 155000, 385000, 20.00000, .2314814814814815E-01, 1, 2, 5, 2, 105.0000, 135.0000, 100000.0, 300000.0
"rcp1", 155000, 385000, 30.00000, .3472222222222222E-01, 1, 2, 5, 3, 105.0000, 135.0000, 300000.0, 1000000.
"rcp1", 155000, 385000, 40.00000, .4629629629629629E-01, 1, 2, 5, 4, 105.0000, 135.0000, 1000000., 3000000.
"rcp1", 155000, 385000, 12.00000, .1388888888888889E-01, 1, 2, 6, 1, 135.0000, 165.0000, .000000, 100000.0
"rcp1", 155000, 385000, 24.00000, .2777777777777778E-01, 1, 2, 6, 2, 135.0000, 165.0000, 100000.0, 300000.0
"rcp1", 155000, 385000, 36.00000, .4166666666666666E-01, 1, 2, 6, 3, 135.0000, 165.0000, 300000.0, 1000000.
"rcp1", 155000, 385000, 48.00000, .5555555555555555E-01, 1, 2, 6, 4, 135.0000, 165.0000, 1000000., 3000000.
"rcp1", 155000, 385000, 14.00000, .1620370370370370E-01, 1, 2, 7, 1, 165.0000, 195.0000, .000000, 100000.0
"rcp1", 155000, 385000, 28.00000, .3240740740740741E-01, 1, 2, 7, 2, 165.0000, 195.0000, 100000.0, 300000.0
"rcp1", 155000, 385000, 42.00000, .4861111111111111E-01, 1, 2, 7, 3, 165.0000, 195.0000, 300000.0, 1000000.
"rcp1", 155000, 385000, 56.00000, .6481481481481481E-01, 1, 2, 7, 4, 165.0000, 195.0000, 1000000., 3000000.
"rcp1", 155000, 385000, 16.00000, .1851851851851852E-01, 1, 2, 8, 1, 195.0000, 225.0000, .000000, 100000.0
"rcp1", 155000, 385000, 32.00000, .3703703703703703E-01, 1, 2, 8, 2, 195.0000, 225.0000, 100000.0, 300000.0
"rcp1", 155000, 385000, 48.00000, .5555555555555555E-01, 1, 2, 8, 3, 195.0000, 225.0000, 300000.0, 1000000.
"rcp1", 155000, 385000, 64.00000, .7407407407407407E-01, 1, 2, 8, 4, 195.0000, 225.0000, 1000000., 3000000.
"rcp1", 155000, 385000, 18.00000, .2083333333333333E-01, 1, 2, 9, 1, 225.0000, 255.0000, .000000, 100000.0
"rcp1", 155000, 385000, 36.00000, .4166666666666666E-01, 1, 2, 9, 2, 225.0000, 255.0000, 100000.0, 300000.0
"rcp1", 155000, 385000, 54.00000, .6250000000000000E-01, 1, 2, 9, 3, 225.0000, 255.0000, 300000.0, 1000000.
"rcp1", 155000, 385000, 72.00000, .8333333333333333E-01, 1, 2, 9, 4, 225.0000, 255.0000, 1000000., 3000000.
"rcp1", 155000, 385000, 20.00000, .2314814814814815E-01, 1, 2, 10, 1, 255.0000, 285.0000, .000000, 100000.0
"rcp1", 155000, 385000, 40.00000, .4629629629629629E-01, 1, 2, 10, 2, 255.0000, 285.0000, 100000.0, 300000.0
"rcp1", 155000, 385000, 60.00000, .6944444444444445E-01, 1, 2, 10, 3, 255.0000, 285.0000, 300000.0, 1000000.
"rcp1", 155000, 385000, 80.00000, .9259259259259259E-01, 1, 2, 10, 4, 255.0000, 285.0000, 1000000., 3000000.
"rcp1", 155000, 385000, 22.00000, .2546296296296296E-01, 1, 2, 11, 1, 285.0000, 315.0000, .000000, 100000.0
"rcp1", 155000, 385000, 44.00000, .5092592592592592E-01, 1, 2, 11, 2, 285.0000, 315.0000, 100000.0, 300000.0
"rcp1", 155000, 385000, 66.00000, .7638888888888890E-01, 1, 2, 11, 3, 285.0000, 315.0000, 300000.0, 1000000.
"rcp1", 155000, 385000, 88.00000, .1018518518518518, 1, 2, 11, 4, 285.0000, 315.0000, 1000000., 3000000.
"rcp1", 155000, 385000, 24.00000, .2777777777777778E-01, 1, 2, 12, 1, 315.0000, 345.0000, .000000, 100000.0
"rcp1", 155000, 385000, 48.00000, .5555555555555555E-01, 1, 2, 12, 2, 315.0000, 345.0000, 100000.0, 300000.0
"rcp1", 155000, 385000, 72.00000, .8333333333333333E-01, 1, 2, 12, 3, 315.0000, 345.0000, 300000.0, 1000000.
"rcp1", 155000, 385000, 96.00000, .1111111111111111, 1, 2, 12, 4, 315.0000, 345.0000, 1000000., 3000000.
"rcp1", 155000, 385000, 3.000000, .3472222222222222E-02, 1, 3, 1, 1, -15.00000, 15.00000, .000000, 100000.0
"rcp1", 155000, 385000, 6.000000, .6944444444444444E-02, 1, 3, 1, 2, -15.00000, 15.00000, 100000.0, 300000.0
"rcp1", 155000, 385000, 9.000000, .1041666666666667E-01, 1, 3, 1, 3, -15.00000, 15.00000, 300000.0, 1000000.
"rcp1", 155000, 385000, 12.00000, .1388888888888889E-01, 1, 3, 1, 4, -15.00000, 15.00000, 1000000., 3000000.
"rcp1", 155000, 385000, 6.000000, .6944444444444444E-02, 1, 3, 2, 1, 15.00000, 45.00000, .000000, 100000.0
"rcp1", 155000, 385000, 12.00000, .1388888888888889E-01, 1, 3, 2, 2, 15.00000, 45.00000, 100000.0, 300000.0
"rcp1", 155000, 385000, 18.00000, .2083333333333333E-01, 1, 3, 2, 3, 15.00000, 45.00000, 300000.0, 1000000.
"rcp1", 155000, 385000, 24.00000, .2777777777777778E-01, 1, 3, 2, 4, 15.00000, 45.00000, 1000000., 3000000.
"rcp1", 155000, 385000, 9.000000, .1041666666666667E-01, 1, 3, 3, 1, 45.00000, 75.00000, .000000, 100000.0
"rcp1", 155000, 385000, 18.00000, .2083333333333333E-01, 1, 3, 3, 2, 45.00000, 75.00000, 100000.0, 300000.0
"rcp1", 155000, 385000, 27.00000, .3125000000000000E-01, 1, 3, 3, 3, 45.00000, 75.00000, 300000.0, 1000000.
"rcp1", 155000, 385000, 36.00000, .4166666666666666E-01, 1, 3, 3, 4, 45.00000, 75.00000, 1000000., 3000000.
"rcp1", 155000, 385000, 12.00000, .1388888888888889E-01, 1, 3, 4, 1, 75.00000, 105.0000, .000000, 100000.0
"rcp1", 155000, 385000, 24.00000, .2777777777777778E-01, 1, 3, 4, 2, 75.00000, 105.0000, 100000.0, 300000.0
"rcp1", 155000, 385000, 36.00000, .4166666666666666E-01, 1, 3, 4, 3, 75.00000, 105.0000, 300000.0, 1000000.
"rcp1", 155000, 385000, 48.00000, .5555555555555555E-01, 1, 3, 4, 4, 75.00000, 105.0000, 1000000., 3000000.
"rcp1", 155000, 385000, 15.00000, .1736111111111111E-01, 1, 3, 5, 1, 105.0000, 135.0000, .000000, 100000.0
"rcp1", 155000, 385000, 30.00000, .3472222222222222E-01, 1, 3, 5, 2, 105.0000, 135.0000, 100000.0, 300000.0
"rcp1", 155000, 385000, 45.00000, .5208333333333334E-01, 1, 3, 5, 3, 105.0000, 135.0000, 300000.0, 1000000.
"rcp1", 155000, 385000, 60.00000, .6944444444444445E-01, 1, 3, 5, 4, 105.0000, 135.0000, 1000000., 3000000.
"rcp1", 155000, 385000, 18.00000, .2083333333333333E-01, 1, 3, 6, 1, 135.0000, 165.0000, .000000, 100000.0
"rcp1", 155000, 385000, 36.00000, .4166666666666666E-01, 1, 3, 6, 2, 135.0000, 165.0000, 100000.0, 300000.0
"rcp1", 155000, 385000, 54.00000, .6250000000000000E-01, 1, 3, 6, 3, 135.0000, 165.0000, 300000.0, 1000000.
"rcp1", 155000, 385000, 72.00000, .8333333333333333E-01, 1, 3, 6, 4, 135.0000, 165.0000, 1000000., 3000000.
"rcp1", 155000, 385000, 21.00000, .2430555555555556E-01, 1, 3, 7, 1, 165.0000, 195.0000, .000000, 100000.0
"rcp1", 155000, 385000, 42.00000, .4861111111111111E-01, 1, 3, 7, 2, 165.0000, 195.0000, 100000.0, 300000.0
"rcp1", 155000, 385000, 63.00000, .7291666666666667E-01, 1, 3, 7, 3, 165.0000, 195.0000, 300000.0, 1000000.
"rcp1", 155000, 385000, 84.00000, .9722222222222222E-01, 1, 3, 7, 4, 165.0000, 195.0000, 1000000., 3000000.
"rcp1", 155000, 385000, 24.00000, .2777777777777778E-01, 1, 3, 8, 1, 195.0000, 225.0000, .000000, 100000.0
"rcp1", 155000, 385000, 48.00000, .5555555555555555E-01, 1, 3, 8, 2, 195.0000, 225.0000, 100000.0, 300000.0
"rcp1", 155000, 385000, 72.00000, .8333333333333333E-01, 1, 3, 8, 3, 195.0000, 225.0000, 300000.0, 1000000.
"rcp1", 155000, 385000, 96.00000, .1111111111111111, 1, 3, 8, 4, 195.0000, 225.0000, 1000000., 3000000.
"rcp1", 155000, 385000, 27.00000, .3125000000000000E-01, 1, 3, 9, 1, 225.0000, 255.0000, .000000, 100000.0
"rcp1", 155000, 385000, 54.00000, .6250000000000000E-01, 1, 3, 9, 2, 225.0000, 255.0000, 100000.0, 300000.0
"rcp1", 155000, 385000, 81.00000, .9375000000000000E-01, 1, 3, 9, 3, 225.0000, 255.0000, 300000.0, 1000000.
"rcp1", 155000, 385000, 108.0000, .1250000000000000, 1, 3, 9, 4, 225.0000, 255.0000, 1000000., 3000000.
"rcp1", 155000, 385000, 30.00000, .3472222222222222E-01, 1, 3, 10, 1, 255.0000, 285.0000, .000000, 100000.0
"rcp1", 155000, 385000, 60.00000, .6944444444444445E-01, 1, 3, 10, 2, 255.0000, 285.0000, 100000.0, 300000.0
"rcp1", 155000, 385000, 90.00000, .1041666666666667, 1, 3, 10, 3, 255.0000, 285.0000, 300000.0, 1000000.
"rcp1", 155000, 385000, 120.0000, .1388888888888889, 1, 3, 10, 4, 255.0000, 285.0000, 1000000., 3000000.
"rcp1", 155000, 385000, 33.00000, .3819444444444445E-01, 1, 3, 11, 1, 285.0000, 315.0000, .000000, 100000.0
"rcp1", 155000, 385000, 66.00000, .7638888888888890E-01, 1, 3, 11, 2, 285.0000, 315.0000, 100000.0, 300000.0
"rcp1", 155000, 385000, 99.00000, .1145833333333333, 1, 3, 11, 3, 285.0000, 315.0000, 300000.0, 1000000.
"rcp1", 155000, 385000, 132.0000, .1527777777777778, 1, 3, 11, 4, 285.0000, 315.0000, 1000000., 3000000.
"rcp1", 155000, 385000, 36.00000, .4166666666666666E-01, 1, 3, 12, 1, 315.0000, 345.0000, .000000, 100000.0
"rcp1", 155000, 385000, 72.00000, .8333333333333333E-01, 1, 3, 12, 2, 315.0000, 345.0000, 100000.0, 300000.0
"rcp1", 155000, 385000, 108.0000, .1250000000000000, 1, 3, 12, 3, 315.0000, 345.0000, 300000.0, 1000000.
"rcp1", 155000, 385000, 144.0000, .1666666666666667, 1, 3, 12, 4, 315.0000, 345.0000, 1000000., 3000000.
"rcp1", 155000, 385000, 4.000000, .4629629629629629E-02, 1, 4, 1, 1, -15.00000, 15.00000, .000000, 100000.0
"rcp1", 155000, 385000, 8.000000, .9259259259259259E-02, 1, 4, 1, 2, -15.00000, 15.00000, 100000.0, 300000.0
"rcp1", 155000, 385000, 12.00000, .1388888888888889E-01, 1, 4, 1, 3, -15.00000, 15.00000, 300000.0, 1000000.
"rcp1", 155000, 385000, 16.00000, .1851851851851852E-01, 1, 4, 1, 4, -15.00000, 15.00000, 1000000., 3000000.
"rcp1", 155000, 385000, 8.000000, .9259259259259259E-02, 1, 4, 2, 1, 15.00000, 45.00000, .000000, 100000.0
"rcp1", 155000, 385000, 16.00000, .1851851851851852E-01, 1, 4, 2, 2, 15.00000, 45.00000, 100000.0, 300000.0
"rcp1", 155000, 385000, 24.00000, .2777777777777778E-01, 1, 4, 2, 3, 15.00000, 45.00000, 300000.0, 1000000.
"rcp1", 155000, 385000, 32.00000, .3703703703703703E-01, 1, 4, 2, 4, 15.00000, 45.00000, 1000000., 3000000.
"rcp1", 155000, 385000, 12.00000, .1388888888888889E-01, 1, 4, 3, 1, 45.00000, 75.00000, .000000, 100000.0
"rcp1", 155000, 385000, 24.00000, .2777777777777778E-01, 1, 4, 3, 2, 45.00000, 75.00000, 100000.0, 300000.0
"rcp1", 155000, 385000, 36.00000, .4166666666666666E-01, 1, 4, 3, 3, 45.00000, 75.00000, 300000.0, 1000000.
"rcp1", 155000, 385000, 48.00000, .5555555555555555E-01, 1, 4, 3, 4, 45.00000, 75.00000, 1000000., 3000000.
"rcp1", 155000, 385000, 16.00000, .1851851851851852E-01, 1, 4, 4, 1, 75.00000, 105.0000, .000000, 100000.0
"rcp1", 155000, 385000, 32.00000, .3703703703703703E-01, 1, 4, 4, 2, 75.00000, 105.0000, 100000.0, 300000.0
"rcp1", 155000, 385000, 48.00000, .5555555555555555E-01, 1, 4, 4, 3, 75.00000, 105.0000, 300000.0, 1000000.
"rcp1", 155000, 385000, 64.00000, .7407407407407407E-01, 1, 4, 4, 4, 75.00000, 105.0000, 1000000., 3000000.
"rcp1", 155000, 385000, 20.00000, .2314814814814815E-01, 1, 4, 5, 1, 105.0000, 135.0000, .000000, 100000.0
"rcp1", 155000, 385000, 40.00000, .4629629629629629E-01, 1, 4, 5, 2, 105.0000, 135.0000, 100000.0, 300000.0
"rcp1", 155000, 385000, 60.00000, .6944444444444445E-01, 1, 4, 5, 3, 105.0000, 135.0000, 300000.0, 1000000.
"rcp1", 155000, 385000, 80.00000, .9259259259259259E-01, 1, 4, 5, 4, 105.0000, 135.0000, 1000000., 3000000.
"rcp1", 155000, 385000, 24.00000, .2777777777777778E-01, 1, 4, 6, 1, 135.0000, 165.0000, .000000, 100000.0
"rcp1", 155000, 385000, 48.00000, .5555555555555555E-01, 1, 4, 6, 2, 135.0000, 165.0000, 100000.0, 300000.0
"rcp1", 155000, 385000, 72.00000, .8333333333333333E-01, 1, 4, 6, 3, 135.0000, 165.0000, 300000.0, 1000000.
"rcp1", 155000, 385000, 96.00000, .1111111111111111, 1, 4, 6, 4, 135.0000, 165.0000, 1000000., 3000000.
"rcp1", 155000, 385000, 28.00000, .3240740740740741E-01, 1, 4, 7, 1, 165.0000, 195.0000, .000000, 100000.0
"rcp1", 155000, 385000, 56.00000, .6481481481481481E-01, 1, 4, 7, 2, 165.0000, 195.0000, 100000.0, 300000.0
"rcp1", 155000, 385000, 84.00000, .9722222222222222E-01, 1, 4, 7, 3, 165.0000, 195.0000, 300000.0, 1000000.
"rcp1", 155000, 385000, 112.0000, .1296296296296296, 1, 4, 7, 4, 165.0000, 195.0000, 1000000., 3000000.
"rcp1", 155000, 385000, 32.00000, .3703703703703703E-01, 1, 4, 8, 1, 195.0000, 225.0000, .000000, 100000.0
"rcp1", 155000, 385000, 64.00000, .7407407407407407E-01, 1, 4, 8, 2, 195.0000, 225.0000, 100000.0, 300000.0
"rcp1", 155000, 385000, 96.00000, .1111111111111111, 1, 4, 8, 3, 195.0000, 225.0000, 300000.0, 1000000.
"rcp1", 155000, 385000, 128.0000, .1481481481481481, 1, 4, 8, 4, 195.0000, 225.0000, 1000000., 3000000.
"rcp1", 155000, 385000, 36.00000, .4166666666666666E-01, 1, 4, 9, 1, 225.0000, 255.0000, .000000, 100000.0
"rcp1", 155000, 385000, 72.00000, .8333333333333333E-01, 1, 4, 9, 2, 225.0000, 255.0000, 100000.0, 300000.0
"rcp1", 155000, 385000, 108.0000, .1250000000000000, 1, 4, 9, 3, 225.0000, 255.0000, 300000.0, 1000000.
"rcp1", 155000, 385000, 144.0000, .1666666666666667, 1, 4, 9, 4, 225.0000, 255.0000, 1000000., 3000000.
"rcp1", 155000, 385000, 40.00000, .4629629629629629E-01, 1, 4, 10, 1, 255.0000, 285.0000, .000000, 100000.0
"rcp1", 155000, 385000, 80.00000, .9259259259259259E-01, 1, 4, 10, 2, 255.0000, 285.0000, 100000.0, 300000.0
"rcp1", 155000, 385000, 120.0000, .1388888888888889, 1, 4, 10, 3, 255.0000, 285.0000, 300000.0, 1000000.
"rcp1", 155000, 385000, 160.0000, .1851851851851852, 1, 4, 10, 4, 255.0000, 285.0000, 1000000., 3000000.
"rcp1", 155000, 385000, 44.00000, .5092592592592592E-01, 1, 4, 11, 1, 285.0000, 315.0000, .000000, 100000.0
"rcp1", 155000, 385000, 88.00000, .1018518518518518, 1, 4, 11, 2, 285.0000, 315.0000, 100000.0, 300000.0
"rcp1", 155000, 385000, 132.0000, .1527777777777778, 1, 4, 11, 3, 285.0000, 315.0000, 300000.0, 1000000.
"rcp1", 155000, 385000, 176.0000, .2037037037037037, 1, 4, 11, 4, 285.0000, 315.0000, 1000000., 3000000.
"rcp1", 155000, 385000, 48.00000, .5555555555555555E-01, 1, 4, 12, 1, 315.0000, 345.0000, .000000, 100000.0
"rcp1", 155000, 385000, 96.00000, .1111111111111111, 1, 4, 12, 2, 315.0000, 345.0000, 100000.0, 300000.0
"rcp1", 155000, 385000, 144.0000, .1666666666666667, 1, 4, 12, 3, 315.0000, 345.0000, 300000.0, 1000000.
"rcp1", 155000, 385000, 192.0000, .2222222222222222, 1, 4, 12, 4, 315.0000, 345.0000, 1000000., 3000000.
"rcp1", 155000, 385000, 5.000000, .5787037037037037E-02, 1, 5, 1, 1, -15.00000, 15.00000, .000000, 100000.0
"rcp1", 155000, 385000, 10.00000, .1157407407407407E-01, 1, 5, 1, 2, -15.00000, 15.00000, 100000.0, 300000.0
"rcp1", 155000, 385000, 15.00000, .1736111111111111E-01, 1, 5, 1, 3, -15.00000, 15.00000, 300000.0, 1000000.
"rcp1", 155000, 385000, 20.00000, .2314814814814815E-01, 1, 5, 1, 4, -15.00000, 15.00000, 1000000., 3000000.
"rcp1", 155000, 385000, 10.00000, .1157407407407407E-01, 1, 5, 2, 1, 15.00000, 45.00000, .000000, 100000.0
"rcp1", 155000, 385000, 20.00000, .2314814814814815E-01, 1, 5, 2, 2, 15.00000, 45.00000, 100000.0, 300000.0
"rcp1", 155000, 385000, 30.00000, .3472222222222222E-01, 1, 5, 2, 3, 15.00000, 45.00000, 300000.0, 1000000.
"rcp1", 155000, 385000, 40.00000, .4629629629629629E-01, 1, 5, 2, 4, 15.00000, 45.00000, 1000000., 3000000.
"rcp1", 155000, 385000, 15.00000, .1736111111111111E-01, 1, 5, 3, 1, 45.00000, 75.00000, .000000, 100000.0
"rcp1", 155000, 385000, 30.00000, .3472222222222222E-01, 1, 5, 3, 2, 45.00000, 75.00000, 100000.0, 300000.0
"rcp1", 155000, 385000, 45.00000, .5208333333333334E-01, 1, 5, 3, 3, 45.00000, 75.00000, 300000.0, 1000000.
"rcp1", 155000, 385000, 60.00000, .6944444444444445E-01, 1, 5, 3, 4, 45.00000, 75.00000, 1000000., 3000000.
"rcp1", 155000, 385000, 20.00000, .2314814814814815E-01, 1, 5, 4, 1, 75.00000, 105.0000, .000000, 100000.0
"rcp1", 155000, 385000, 40.00000, .4629629629629629E-01, 1, 5, 4, 2, 75.00000, 105.0000, 100000.0, 300000.0
"rcp1", 155000, 385000, 60.00000, .6944444444444445E-01, 1, 5, 4, 3, 75.00000, 105.0000, 300000.0, 1000000.
"rcp1", 155000, 385000, 80.00000, .9259259259259259E-01, 1, 5, 4, 4, 75.00000, 105.0000, 1000000., 3000000.
"rcp1", 155000, 385000, 25.00000, .2893518518518519E-01, 1, 5, 5, 1, 105.0000, 135.0000, .000000, 100000.0
"rcp1", 155000, 385000, 50.00000, .5787037037037037E-01, 1, 5, 5, 2, 105.0000, 135.0000, 100000.0, 300000.0
"rcp1", 155000, 385000, 75.00000, .8680555555555555E-01, 1, 5, 5, 3, 105.0000, 135.0000, 300000.0, 1000000.
"rcp1", 155000, 385000, 100.0000, .1157407407407407, 1, 5, 5, 4, 105.0000, 135.0000, 1000000., 3000000.
"rcp1", 155000, 385000, 30.00000, .3472222222222222E-01, 1, 5, 6, 1, 135.0000, 165.0000, .000000, 100000.0
"rcp1", 155000, 385000, 60.00000, .6944444444444445E-01, 1, 5, 6, 2, 135.0000, 165.0000, 100000.0, 300000.0
"rcp1", 155000, 385000, 90.00000, .1041666666666667, 1, 5, 6, 3, 135.0000, 165.0000, 300000.0, 1000000.
"rcp1", 155000, 385000, 120.0000, .1388888888888889, 1, 5, 6, 4, 135.0000, 165.0000, 1000000., 3000000.
"rcp1", 155000, 385000, 35.00000, .4050925925925926E-01, 1, 5, 7, 1, 165.0000, 195.0000, .000000, 100000.0
"rcp1", 155000, 385000, 70.00000, .8101851851851852E-01, 1, 5, 7, 2, 165.0000, 195.0000, 100000.0, 300000.0
"rcp1", 155000, 385000, 105.0000, .1215277777777778, 1, 5, 7, 3, 165.0000, 195.0000, 300000.0, 1000000.
"rcp1", 155000, 385000, 140.0000, .1620370370370370, 1, 5, 7, 4, 165.0000, 195.0000, 1000000., 3000000.
"rcp1", 155000, 385000, 40.00000, .4629629629629629E-01, 1, 5, 8, 1, 195.0000, 225.0000, .000000, 100000.0
"rcp1", 155000, 385000, 80.00000, .9259259259259259E-01, 1, 5, 8, 2, 195.0000, 225.0000, 100000.0, 300000.0
"rcp1", 155000, 385000, 120.0000, .1388888888888889, 1, 5, 8, 3, 195.0000, 225.0000, 300000.0, 1000000.
"rcp1", 155000, 385000, 160.0000, .1851851851851852, 1, 5, 8, 4, 195.0000, 225.0000, 1000000., 3000000.
"rcp1", 155000, 385000, 45.00000, .5208333333333334E-01, 1, 5, 9, 1, 225.0000, 255.0000, .000000, 100000.0
"rcp1", 155000, 385000, 90.00000, .1041666666666667, 1, 5, 9, 2, 225.0000, 255.0000, 100000.0, 300000.0
"rcp1", 155000, 385000, 135.0000, .1562500000000000, 1, 5, 9, 3, 225.0000, 255.0000, 300000.0, 1000000.
"rcp1", 155000, 385000, 180.0000, .2083333333333333, 1, 5, 9, 4, 225.0000, 255.0000, 1000000., 3000000.
"rcp1", 155000, 385000, 50.00000, .5787037037037037E-01, 1, 5, 10, 1, 255.0000, 285.0000, .000000, 100000.0
"rcp1", 155000, 385000, 100.0000, .1157407407407407, 1, 5, 10, 2, 255.0000, 285.0000, 100000.0, 300000.0
"rcp1", 155000, 385000, 150.0000, .1736111111111111, 1, 5, 10, 3, 255.0000, 285.0000, 300000.0, 1000000.
"rcp1", 155000, 385000, 200.0000, .2314814814814815, 1, 5, 10, 4, 255.0000, 285.0000, 1000000., 3000000.
"rcp1", 155000, 385000, 55.00000, .6365740740740741E-01, 1, 5, 11, 1, 285.0000, 315.0000, .000000, 100000.0
"rcp1", 155000, 385000, 110.0000, .1273148148148148, 1, 5, 11, 2, 285.0000, 315.0000, 100000.0, 300000.0
"rcp1", 155000, 385000, 165.0000, .1909722222222222, 1, 5, 11, 3, 285.0000, 315.0000, 300000.0, 1000000.
"rcp1", 155000, 385000, 220.0000, .2546296296296297, 1, 5, 11, 4, 285.0000, 315.0000, 1000000., 3000000.
"rcp1", 155000, 385000, 60.00000, .6944444444444445E-01, 1, 5, 12, 1, 315.0000, 345.0000, .000000, 100000.0
"rcp1", 155000, 385000, 120.0000, .1388888888888889, 1, 5, 12, 2, 315.0000, 345.0000, 100000.0, 300000.0
"rcp1", 155000, 385000, 180.0000, .2083333333333333, 1, 5, 12, 3, 315.0000, 345.0000, 300000.0, 1000000.
"rcp1", 155000, 385000, 240.0000, .2777777777777778, 1, 5, 12, 4, 315.0000, 345.0000, 1000000., 3000000.
"rcp1", 155000, 385000, 6.000000, .6944444444444444E-02, 1, 6, 1, 1, -15.00000, 15.00000, .000000, 100000.0
"rcp1", 155000, 385000, 12.00000, .1388888888888889E-01, 1, 6, 1, 2, -15.00000, 15.00000, 100000.0, 300000.0
"rcp1", 155000, 385000, 18.00000, .2083333333333333E-01, 1, 6, 1, 3, -15.00000, 15.00000, 300000.0, 1000000.
"rcp1", 155000, 385000, 24.00000, .2777777777777778E-01, 1, 6, 1, 4, -15.00000, 15.00000, 1000000., 3000000.
"rcp1", 155000, 385000, 12.00000, .1388888888888889E-01, 1, 6, 2, 1, 15.00000, 45.00000, .000000, 100000.0
"rcp1", 155000, 385000, 24.00000, .2777777777777778E-01, 1, 6, 2, 2, 15.00000, 45.00000, 100000.0, 300000.0
"rcp1", 155000, 385000, 36.00000, .4166666666666666E-01, 1, 6, 2, 3, 15.00000, 45.00000, 300000.0, 1000000.
"rcp1", 155000, 385000, 48.00000, .5555555555555555E-01, 1, 6, 2, 4, 15.00000, 45.00000, 1000000., 3000000.
"rcp1", 155000, 385000, 18.00000, .2083333333333333E-01, 1, 6, 3, 1, 45.00000, 75.00000, .000000, 100000.0
"rcp1", 155000, 385000, 36.00000, .4166666666666666E-01, 1, 6, 3, 2, 45.00000, 75.00000, 100000.0, 300000.0
"rcp1", 155000, 385000, 54.00000, .6250000000000000E-01, 1, 6, 3, 3, 45.00000, 75.00000, 300000.0, 1000000.
"rcp1", 155000, 385000, 72.00000, .8333333333333333E-01, 1, 6, 3, 4, 45.00000, 75.00000, 1000000., 3000000.
"rcp1", 155000, 385000, 24.00000, .2777777777777778E-01, 1, 6, 4, 1, 75.00000, 105.0000, .000000, 100000.0
"rcp1", 155000, 385000, 48.00000, .5555555555555555E-01, 1, 6, 4, 2, 75.00000, 105.0000, 100000.0, 300000.0
"rcp1", 155000, 385000, 72.00000, .8333333333333333E-01, 1, 6, 4, 3, 75.00000, 105.0000, 300000.0, 1000000.
"rcp1", 155000, 385000, 96.00000, .1111111111111111, 1, 6, 4, 4, 75.00000, 105.0000, 1000000., 3000000.
"rcp1", 155000, 385000, 30.00000, .3472222222222222E-01, 1, 6, 5, 1, 105.0000, 135.0000, .000000, 100000.0
"rcp1", 155000, 385000, 60.00000, .6944444444444445E-01, 1, 6, 5, 2, 105.0000, 135.0000, 100000.0, 300000.0
"rcp1", 155000, 385000, 90.00000, .1041666666666667, 1, 6, 5, 3, 105.0000, 135.0000, 300000.0, 1000000.
"rcp1", 155000, 385000, 120.0000, .1388888888888889, 1, 6, 5, 4, 105.0000, 135.0000, 1000000., 3000000.
"rcp1", 155000, 385000, 36.00000, .4166666666666666E-01, 1, 6, 6, 1, 135.0000, 165.0000, .000000, 100000.0
"rcp1", 155000, 385000, 72.00000, .8333333333333333E-01, 1, 6, 6, 2, 135.0000, 165.0000, 100000.0, 300000.0
"rcp1", 155000, 385000, 108.0000, .1250000000000000, 1, 6, 6, 3, 135.0000, 165.0000, 300000.0, 1000000.
"rcp1", 155000, 385000, 144.0000, .1666666666666667, 1, 6, 6, 4, 135.0000, 165.0000, 1000000., 3000000.
"rcp1", 155000, 385000, 42.00000, .4861111111111111E-01, 1, 6, 7, 1, 165.0000, 195.0000, .000000, 100000.0
"rcp1", 155000, 385000, 84.00000, .9722222222222222E-01, 1, 6, 7, 2, 165.0000, 195.0000, 100000.0, 300000.0
"rcp1", 155000, 385000, 126.0000, .1458333333333333, 1, 6, 7, 3, 165.0000, 195.0000, 300000.0, 1000000.
"rcp1", 155000, 385000, 168.0000, .1944444444444444, 1, 6, 7, 4, 165.0000, 195.0000, 1000000., 3000000.
"rcp1", 155000, 385000, 48.00000, .5555555555555555E-01, 1, 6, 8, 1, 195.0000, 225.0000, .000000, 100000.0
"rcp1", 155000, 385000, 96.00000, .1111111111111111, 1, 6, 8, 2, 195.0000, 225.0000, 100000.0, 300000.0
"rcp1", 155000, 385000, 144.0000, .1666666666666667, 1, 6, 8, 3, 195.0000, 225.0000, 300000.0, 1000000.
"rcp1", 155000, 385000, 192.0000, .2222222222222222, 1, 6, 8, 4, 195.0000, 225.0000, 1000000., 3000000.
"rcp1", 155000, 385000, 54.00000, .6250000000000000E-01, 1, 6, 9, 1, 225.0000, 255.0000, .000000, 100000.0
"rcp1", 155000, 385000, 108.0000, .1250000000000000, 1, 6, 9, 2, 225.0000, 255.0000, 100000.0, 300000.0
"rcp1", 155000, 385000, 162.0000, .1875000000000000, 1, 6, 9, 3, 225.0000, 255.0000, 300000.0, 1000000.
"rcp1", 155000, 385000, 216.0000, .2500000000000000, 1, 6, 9, 4, 225.0000, 255.0000, 1000000., 3000000.
"rcp1", 155000, 385000, 60.00000, .6944444444444445E-01, 1, 6, 10, 1, 255.0000, 285.0000, .000000, 100000.0
"rcp1", 155000, 385000, 120.0000, .1388888888888889, 1, 6, 10, 2, 255.0000, 285.0000, 100000.0, 300000.0
"rcp1", 155000, 385000, 180.0000, .2083333333333333, 1, 6, 10, 3, 255.0000, 285.0000, 300000.0, 1000000.
"rcp1", 155000, 385000, 240.0000, .2777777777777778, 1, 6, 10, 4, 255.0000, 285.0000, 1000000., 3000000.
"rcp1", 155000, 385000, 66.00000, .7638888888888890E-01, 1, 6, 11, 1, 285.0000, 315.0000, .000000, 100000.0
"rcp1", 155000, 385000, 132.0000, .1527777777777778, 1, 6, 11, 2, 285.0000, 315.0000, 100000.0, 300000.0
"rcp1", 155000, 385000, 198.0000, .2291666666666667, 1, 6, 11, 3, 285.0000, 315.0000, 300000.0, 1000000.
"rcp1", 155000, 385000, 264.0000, .3055555555555556, 1, 6, 11, 4, 285.0000, 315.0000, 1000000., 3000000.
"rcp1", 155000, 385000, 72.00000, .8333333333333333E-01, 1, 6, 12, 1, 315.0000, 345.0000, .000000, 100000.0
"rcp1", 155000, 385000, 144.0000, .1666666666666667, 1, 6, 12, 2, 315.0000, 345.0000, 100000.0, 300000.0
"rcp1", 155000, 385000, 216.0000, .2500000000000000, 1, 6, 12, 3, 315.0000, 345.0000, 300000.0, 1000000.
"rcp1", 155000, 385000, 288.0000, .3333333333333333, 1, 6, 12, 4, 315.0000, 345.0000, 1000000., 3000000.
"rcp2", 150000, 380000, 2.000000, .2314814814814815E-02, 1, 1, 1, 1, -15.00000, 15.00000, .000000, 100000.0
"rcp2", 150000, 380000, 4.000000, .4629629629629629E-02, 1, 1, 1, 2, -15.00000, 15.00000, 100000.0, 300000.0
"rcp2", 150000, 380000, 6.000000, .6944444444444444E-02, 1, 1, 1, 3, -15.00000, 15.00000, 300000.0, 1000000.
"rcp2", 150000, 380000, 8.000000, .9259259259259259E-02, 1, 1, 1, 4, -15.00000, 15.00000, 1000000., 3000000.
"rcp2", 150000, 380000, 4.000000, .4629629629629629E-02, 1, 1, 2, 1, 15.00000, 45.00000, .000000, 100000.0
"rcp2", 150000, 380000, 8.000000, .9259259259259259E-02, 1, 1, 2, 2, 15.00000, 45.00000, 100000.0, 300000.0
"rcp2", 150000, 380000, 12.00000, .1388888888888889E-01, 1, 1, 2, 3, 15.00000, 45.00000, 300000.0, 1000000.
"rcp2", 150000, 380000, 16.00000, .1851851851851852E-01, 1, 1, 2, 4, 15.00000, 45.00000, 1000000., 3000000.
"rcp2", 150000, 380000, 6.000000, .6944444444444444E-02, 1, 1, 3, 1, 45.00000, 75.00000, .000000, 100000.0
"rcp2", 150000, 380000, 12.00000, .1388888888888889E-01, 1, 1, 3, 2, 45.00000, 75.00000, 100000.0, 300000.0
"rcp2", 150000, 380000, 18.00000, .2083333333333333E-01, 1, 1, 3, 3, 45.00000, 75.00000, 300000.0, 1000000.
"rcp2", 150000, 380000, 24.00000, .2777777777777778E-01, 1, 1, 3, 4, 45.00000, 75.00000, 1000000., 3000000.
"rcp2", 150000, 380000, 8.000000, .9259259259259259E-02, 1, 1, 4, 1, 75.00000, 105.0000, .000000, 100000.0
"rcp2", 150000, 380000, 16.00000, .1851851851851852E-01, 1, 1, 4, 2, 75.00000, 105.0000, 100000.0, 300000.0
"rcp2", 150000, 380000, 24.00000, .2777777777777778E-01, 1, 1, 4, 3, 75.00000, 105.0000, 300000.0, 1000000.
"rcp2", 150000, 380000, 32.00000, .3703703703703703E-01, 1, 1, 4, 4, 75.00000, 105.0000, 1000000., 3000000.
"rcp2", 150000, 380000, 10.00000, .1157407407407407E-01, 1, 1, 5, 1, 105.0000, 135.0000, .000000, 100000.0
"rcp2", 150000, 380000, 20.00000, .2314814814814815E-01, 1, 1, 5, 2, 105.0000, 135.0000, 100000.0, 300000.0
"rcp2", 150000, 380000, 30.00000, .3472222222222222E-01, 1, 1, 5, 3, 105.0000, 135.0000, 300000.0, 1000000.
"rcp2", 150000, 380000, 40.00000, .4629629629629629E-01, 1, 1, 5, 4, 105.0000, 135.0000, 1000000., 3000000.
"rcp2", 150000, 380000, 12.00000, .1388888888888889E-01, 1, 1, 6, 1, 135.0000, 165.0000, .000000, 100000.0
"rcp2", 150000, 380000, 24.00000, .2777777777777778E-01, 1, 1, 6, 2, 135.0000, 165.0000, 100000.0, 300000.0
"rcp2", 150000, 380000, 36.00000, .4166666666666666E-01, 1, 1, 6, 3, 135.0000, 165.0000, 300000.0, 1000000.
"rcp2", 150000, 380000, 48.00000, .5555555555555555E-01, 1, 1, 6, 4, 135.0000, 165.0000, 1000000., 3000000.
"rcp2", 150000, 380000, 14.00000, .1620370370370370E-01, 1, 1, 7, 1, 165.0000, 195.0000, .000000, 100000.0
"rcp2", 150000, 380000, 28.00000, .3240740740740741E-01, 1, 1, 7, 2, 165.0000, 195.0000, 100000.0, 300000.0
"rcp2", 150000, 380000, 42.00000, .4861111111111111E-01, 1, 1, 7, 3, 165.0000, 195.0000, 300000.0, 1000000.
"rcp2", 150000, 380000, 56.00000, .6481481481481481E-01, 1, 1, 7, 4, 165.0000, 195.0000, 1000000., 3000000.
"rcp2", 150000, 380000, 16.00000, .1851851851851852E-01, 1, 1, 8, 1, 195.0000, 225.0000, .000000, 100000.0
"rcp2", 150000, 380000, 32.00000, .3703703703703703E-01, 1, 1, 8, 2, 195.0000, 225.0000, 100000.0, 300000.0
"rcp2", 150000, 380000, 48.00000, .5555555555555555E-01, 1, 1, 8, 3, 195.0000, 225.0000, 300000.0, 1000000.
"rcp2", 150000, 380000, 64.00000, .7407407407407407E-01, 1, 1, 8, 4, 195.0000, 225.0000, 1000000., 3000000.
"rcp2", 150000, 380000, 18.00000, .2083333333333333E-01, 1, 1, 9, 1, 225.0000, 255.0000, .000000, 100000.0
"rcp2", 150000, 380000, 36.00000, .4166666666666666E-01, 1, 1, 9, 2, 225.0000, 255.0000, 100000.0, 300000.0
"rcp2", 150000, 380000, 54.00000, .6250000000000000E-01, 1, 1, 9, 3, 225.0000, 255.0000, 300000.0, 1000000.
"rcp2", 150000, 380000, 72.00000, .8333333333333333E-01, 1, 1, 9, 4, 225.0000, 255.0000, 1000000., 3000000.
"rcp2", 150000, 380000, 20.00000, .2314814814814815E-01, 1, 1, 10, 1, 255.0000, 285.0000, .000000, 100000.0
"rcp2", 150000, 380000, 40.00000, .4629629629629629E-01, 1, 1, 10, 2, 255.0000, 285.0000, 100000.0, 300000.0
"rcp2", 150000, 380000, 60.00000, .6944444444444445E-01, 1, 1, 10, 3, 255.0000, 285.0000, 300000.0, 1000000.
"rcp2", 150000, 380000, 80.00000, .9259259259259259E-01, 1, 1, 10, 4, 255.0000, 285.0000, 1000000., 3000000.
"rcp2", 150000, 380000, 22.00000, .2546296296296296E-01, 1, 1, 11, 1, 285.0000, 315.0000, .000000, 100000.0
"rcp2", 150000, 380000, 44.00000, .5092592592592592E-01, 1, 1, 11, 2, 285.0000, 315.0000, 100000.0, 300000.0
"rcp2", 150000, 380000, 66.00000, .7638888888888890E-01, 1, 1, 11, 3, 285.0000, 315.0000, 300000.0, 1000000.
"rcp2", 150000, 380000, 88.00000, .1018518518518518, 1, 1, 11, 4, 285.0000, 315.0000, 1000000., 3000000.
"rcp2", 150000, 380000, 24.00000, .2777777777777778E-01, 1, 1, 12, 1, 315.0000, 345.0000, .000000, 100000.0
"rcp2", 150000, 380000, 48.00000, .5555555555555555E-01, 1, 1, 12, 2, 315.0000, 345.0000, 100000.0, 300000.0
"rcp2", 150000, 380000, 72.00000, .8333333333333333E-01, 1, 1, 12, 3, 315.0000, 345.0000, 300000.0, 1000000.
"rcp2", 150000, 380000, 96.00000, .1111111111111111, 1, 1, 12, 4, 315.0000, 345.0000, 1000000., 3000000.
"rcp2", 150000, 380000, 4.000000, .4629629629629629E-02, 1, 2, 1, 1, -15.00000, 15.00000, .000000, 100000.0
"rcp2", 150000, 380000, 8.000000, .9259259259259259E-02, 1, 2, 1, 2, -15.00000, 15.00000, 100000.0, 300000.0
"rcp2", 150000, 380000, 12.00000, .1388888888888889E-01, 1, 2, 1, 3, -15.00000, 15.00000, 300000.0, 1000000.
"rcp2", 150000, 380000, 16.00000, .1851851851851852E-01, 1, 2, 1, 4, -15.00000, 15.00000, 1000000., 3000000.
"rcp2", 150000, 380000, 8.000000, .9259259259259259E-02, 1, 2, 2, 1, 15.00000, 45.00000, .000000, 100000.0
"rcp2", 150000, 380000, 16.00000, .1851851851851852E-01, 1, 2, 2, 2, 15.00000, 45.00000, 100000.0, 300000.0
"rcp2", 150000, 380000, 24.00000, .2777777777777778E-01, 1, 2, 2, 3, 15.00000, 45.00000, 300000.0, 1000000.
"rcp2", 150000, 380000, 32.00000, .3703703703703703E-01, 1, 2, 2, 4, 15.00000, 45.00000, 1000000., 3000000.
"rcp2", 150000, 380000, 12.00000, .1388888888888889E-01, 1, 2, 3, 1, 45.00000, 75.00000, .000000, 100000.0
"rcp2", 150000, 380000, 24.00000, .2777777777777778E-01, 1, 2, 3, 2, 45.00000, 75.00000, 100000.0, 300000.0
"rcp2", 150000, 380000, 36.00000, .4166666666666666E-01, 1, 2, 3, 3, 45.00000, 75.00000, 300000.0, 1000000.
"rcp2", 150000, 380000, 48.00000, .5555555555555555E-01, 1, 2, 3, 4, 45.00000, 75.00000, 1000000., 3000000.
"rcp2", 150000, 380000, 16.00000, .1851851851851852E-01, 1, 2, 4, 1, 75.00000, 105.0000, .000000, 100000.0
"rcp2", 150000, 380000, 32.00000, .3703703703703703E-01, 1, 2, 4, 2, 75.00000, 105.0000, 100000.0, 300000.0
"rcp2", 150000, 380000, 48.00000, .5555555555555555E-01, 1, 2, 4, 3, 75.00000, 105.0000, 300000.0, 1000000.
"rcp2", 150000, 380000, 64.00000, .7407407407407407E-01, 1, 2, 4, 4, 75.00000, 105.0000, 1000000., 3000000.
"rcp2", 150000, 380000, 20.00000, .2314814814814815E-01, 1, 2, 5, 1, 105.0000, 135.0000, .000000, 100000.0
"rcp2", 150000, 380000, 40.00000, .4629629629629629E-01, 1, 2, 5, 2, 105.0000, 135.0000, 100000.0, 300000.0
"rcp2", 150000, 380000, 60.00000, .6944444444444445E-01, 1, 2, 5, 3, 105.0000, 135.0000, 300000.0, 1000000.
"rcp2", 150000, 380000, 80.00000, .9259259259259259E-01, 1, 2, 5, 4, 105.0000, 135.0000, 1000000., 3000000.
"rcp2", 150000, 380000, 24.00000, .2777777777777778E-01, 1, 2, 6, 1, 135.0000, 165.0000, .000000, 100000.0
"rcp2", 150000, 380000, 48.00000, .5555555555555555E-01, 1, 2, 6, 2, 135.0000, 165.0000, 100000.0, 300000.0
"rcp2", 150000, 380000, 72.00000, .8333333333333333E-01, 1, 2, 6, 3, 135.0000, 165.0000, 300000.0, 1000000.
"rcp2", 150000, 380000, 96.00000, .1111111111111111, 1, 2, 6, 4, 135.0000, 165.0000, 1000000., 3000000.
"rcp2", 150000, 380000, 28.00000, .3240740740740741E-01, 1, 2, 7, 1, 165.0000, 195.0000, .000000, 100000.0
"rcp2", 150000, 380000, 56.00000, .6481481481481481E-01, 1, 2, 7, 2, 165.0000, 195.0000, 100000.0, 300000.0
"rcp2", 150000, 380000, 84.00000, .9722222222222222E-01, 1, 2, 7, 3, 165.0000, 195.0000, 300000.0, 1000000.
"rcp2", 150000, 380000, 112.0000, .1296296296296296, 1, 2, 7, 4, 165.0000, 195.0000, 1000000., 3000000.
"rcp2", 150000, 380000, 32.00000, .3703703703703703E-01, 1, 2, 8, 1, 195.0000, 225.0000, .000000, 100000.0
"rcp2", 150000, 380000, 64.00000, .7407407407407407E-01, 1, 2, 8, 2, 195.0000, 225.0000, 100000.0, 300000.0
"rcp2", 150000, 380000, 96.00000, .1111111111111111, 1, 2, 8, 3, 195.0000, 225.0000, 300000.0, 1000000.
"rcp2", 150000, 380000, 128.0000, .1481481481481481, 1, 2, 8, 4, 195.0000, 225.0000, 1000000., 3000000.
"rcp2", 150000, 380000, 36.00000, .4166666666666666E-01, 1, 2, 9, 1, 225.0000, 255.0000, .000000, 100000.0
"rcp2", 150000, 380000, 72.00000, .8333333333333333E-01, 1, 2, 9, 2, 225.0000, 255.0000, 100000.0, 300000.0
"rcp2", 150000, 380000, 108.0000, .1250000000000000, 1, 2, 9, 3, 225.0000, 255.0000, 300000.0, 1000000.
"rcp2", 150000, 380000, 144.0000, .1666666666666667, 1, 2, 9, 4, 225.0000, 255.0000, 1000000., 3000000.
"rcp2", 150000, 380000, 40.00000, .4629629629629629E-01, 1, 2, 10, 1, 255.0000, 285.0000, .000000, 100000.0
"rcp2", 150000, 380000, 80.00000, .9259259259259259E-01, 1, 2, 10, 2, 255.0000, 285.0000, 100000.0, 300000.0
"rcp2", 150000, 380000, 120.0000, .1388888888888889, 1, 2, 10, 3, 255.0000, 285.0000, 300000.0, 1000000.
"rcp2", 150000, 380000, 160.0000, .1851851851851852, 1, 2, 10, 4, 255.0000, 285.0000, 1000000., 3000000.
"rcp2", 150000, 380000, 44.00000, .5092592592592592E-01, 1, 2, 11, 1, 285.0000, 315.0000, .000000, 100000.0
"rcp2", 150000, 380000, 88.00000, .1018518518518518, 1, 2, 11, 2, 285.0000, 315.0000, 100000.0, 300000.0
"rcp2", 150000, 380000, 132.0000, .1527777777777778, 1, 2, 11, 3, 285.0000, 315.0000, 300000.0, 1000000.
"rcp2", 150000, 380000, 176.0000, .2037037037037037, 1, 2, 11, 4, 285.0000, 315.0000, 1000000., 3000000.
"rcp2", 150000, 380000, 48.00000, .5555555555555555E-01, 1, 2, 12, 1, 315.0000, 345.0000, .000000, 100000.0
"rcp2", 150000, 380000, 96.00000, .1111111111111111, 1, 2, 12, 2, 315.0000, 345.0000, 100000.0, 300000.0
"rcp2", 150000, 380000, 144.0000, .1666666666666667, 1, 2, 12, 3, 315.0000, 345.0000, 300000.0, 1000000.
"rcp2", 150000, 380000, 192.0000, .2222222222222222, 1, 2, 12, 4, 315.0000, 345.0000, 1000000., 3000000.
"rcp2", 150000, 380000, 6.000000, .6944444444444444E-02, 1, 3, 1, 1, -15.00000, 15.00000, .000000, 100000.0
"rcp2", 150000, 380000, 12.00000, .1388888888888889E-01, 1, 3, 1, 2, -15.00000, 15.00000, 100000.0, 300000.0
"rcp2", 150000, 380000, 18.00000, .2083333333333333E-01, 1, 3, 1, 3, -15.00000, 15.00000, 300000.0, 1000000.
"rcp2", 150000, 380000, 24.00000, .2777777777777778E-01, 1, 3, 1, 4, -15.00000, 15.00000, 1000000., 3000000.
"rcp2", 150000, 380000, 12.00000, .1388888888888889E-01, 1, 3, 2, 1, 15.00000, 45.00000, .000000, 100000.0
"rcp2", 150000, 380000, 24.00000, .2777777777777778E-01, 1, 3, 2, 2, 15.00000, 45.00000, 100000.0, 300000.0
"rcp2", 150000, 380000, 36.00000, .4166666666666666E-01, 1, 3, 2, 3, 15.00000, 45.00000, 300000.0, 1000000.
"rcp2", 150000, 380000, 48.00000, .5555555555555555E-01, 1, 3, 2, 4, 15.00000, 45.00000, 1000000., 3000000.
"rcp2", 150000, 380000, 18.00000, .2083333333333333E-01, 1, 3, 3, 1, 45.00000, 75.00000, .000000, 100000.0
"rcp2", 150000, 380000, 36.00000, .4166666666666666E-01, 1, 3, 3, 2, 45.00000, 75.00000, 100000.0, 300000.0
"rcp2", 150000, 380000, 54.00000, .6250000000000000E-01, 1, 3, 3, 3, 45.00000, 75.00000, 300000.0, 1000000.
"rcp2", 150000, 380000, 72.00000, .8333333333333333E-01, 1, 3, 3, 4, 45.00000, 75.00000, 1000000., 3000000.
"rcp2", 150000, 380000, 24.00000, .2777777777777778E-01, 1, 3, 4, 1, 75.00000, 105.0000, .000000, 100000.0
"rcp2", 150000, 380000, 48.00000, .5555555555555555E-01, 1, 3, 4, 2, 75.00000, 105.0000, 100000.0, 300000.0
"rcp2", 150000, 380000, 72.00000, .8333333333333333E-01, 1, 3, 4, 3, 75.00000, 105.0000, 300000.0, 1000000.
"rcp2", 150000, 380000, 96.00000, .1111111111111111, 1, 3, 4, 4, 75.00000, 105.0000, 1000000., 3000000.
"rcp2", 150000, 380000, 30.00000, .3472222222222222E-01, 1, 3, 5, 1, 105.0000, 135.0000, .000000, 100000.0
"rcp2", 150000, 380000, 60.00000, .6944444444444445E-01, 1, 3, 5, 2, 105.0000, 135.0000, 100000.0, 300000.0
"rcp2", 150000, 380000, 90.00000, .1041666666666667, 1, 3, 5, 3, 105.0000, 135.0000, 300000.0, 1000000.
"rcp2", 150000, 380000, 120.0000, .1388888888888889, 1, 3, 5, 4, 105.0000, 135.0000, 1000000., 3000000.
"rcp2", 150000, 380000, 36.00000, .4166666666666666E-01, 1, 3, 6, 1, 135.0000, 165.0000, .000000, 100000.0
"rcp2", 150000, 380000, 72.00000, .8333333333333333E-01, 1, 3, 6, 2, 135.0000, 165.0000, 100000.0, 300000.0
"rcp2", 150000, 380000, 108.0000, .1250000000000000, 1, 3, 6, 3, 135.0000, 165.0000, 300000.0, 1000000.
"rcp2", 150000, 380000, 144.0000, .1666666666666667, 1, 3, 6, 4, 135.0000, 165.0000, 1000000., 3000000.
"rcp2", 150000, 380000, 42.00000, .4861111111111111E-01, 1, 3, 7, 1, 165.0000, 195.0000, .000000, 100000.0
"rcp2", 150000, 380000, 84.00000, .9722222222222222E-01, 1, 3, 7, 2, 165.0000, 195.0000, 100000.0, 300000.0
"rcp2", 150000, 380000, 126.0000, .1458333333333333, 1, 3, 7, 3, 165.0000, 195.0000, 300000.0, 1000000.
"rcp2", 150000, 380000, 168.0000, .1944444444444444, 1, 3, 7, 4, 165.0000, 195.0000, 1000000., 3000000.
"rcp2", 150000, 380000, 48.00000, .5555555555555555E-01, 1, 3, 8, 1, 195.0000, 225.0000, .000000, 100000.0
"rcp2", 150000, 380000, 96.00000, .1111111111111111, 1, 3, 8, 2, 195.0000, 225.0000, 100000.0, 300000.0
"rcp2", 150000, 380000, 144.0000, .1666666666666667, 1, 3, 8, 3, 195.0000, 225.0000, 300000.0, 1000000.
"rcp2", 150000, 380000, 192.0000, .2222222222222222, 1, 3, 8, 4, 195.0000, 225.0000, 1000000., 3000000.
"rcp2", 150000, 380000, 54.00000, .6250000000000000E-01, 1, 3, 9, 1, 225.0000, 255.0000, .000000, 100000.0
"rcp2", 150000, 380000, 108.0000, .1250000000000000, 1, 3, 9, 2, 225.0000, 255.0000, 100000.0, 300000.0
"rcp2", 150000, 380000, 162.0000, .1875000000000000, 1, 3, 9, 3, 225.0000, 255.0000, 300000.0, 1000000.
"rcp2", 150000, 380000, 216.0000, .2500000000000000, 1, 3, 9, 4, 225.0000, 255.0000, 1000000., 3000000.
"rcp2", 150000, 380000, 60.00000, .6944444444444445E-01, 1, 3, 10, 1, 255.0000, 285.0000, .000000, 100000.0
"rcp2", 150000, 380000, 120.0000, .1388888888888889, 1, 3, 10, 2, 255.0000, 285.0000, 100000.0, 300000.0
"rcp2", 150000, 380000, 180.0000, .2083333333333333, 1, 3, 10, 3, 255.0000, 285.0000, 300000.0, 1000000.
"rcp2", 150000, 380000, 240.0000, .2777777777777778, 1, 3, 10, 4, 255.0000, 285.0000, 1000000., 3000000.
"rcp2", 150000, 380000, 66.00000, .7638888888888890E-01, 1, 3, 11, 1, 285.0000, 315.0000, .000000, 100000.0
"rcp2", 150000, 380000, 132.0000, .1527777777777778, 1, 3, 11, 2, 285.0000, 315.0000, 100000.0, 300000.0
"rcp2", 150000, 380000, 198.0000, .2291666666666667, 1, 3, 11, 3, 285.0000, 315.0000, 300000.0, 1000000.
"rcp2", 150000, 380000, 264.0000, .3055555555555556, 1, 3, 11, 4, 285.0000, 315.0000, 1000000., 3000000.
"rcp2", 150000, 380000, 72.00000, .8333333333333333E-01, 1, 3, 12, 1, 315.0000, 345.0000, .000000, 100000.0
"rcp2", 150000, 380000, 144.0000, .1666666666666667, 1, 3, 12, 2, 315.0000, 345.0000, 100000.0, 300000.0
"rcp2", 150000, 380000, 216.0000, .2500000000000000, 1, 3, 12, 3, 315.0000, 345.0000, 300000.0, 1000000.
"rcp2", 150000, 380000, 288.0000, .3333333333333333, 1, 3, 12, 4, 315.0000, 345.0000, 1000000., 3000000.
"rcp2", 150000, 380000, 8.000000, .9259259259259259E-02, 1, 4, 1, 1, -15.00000, 15.00000, .000000, 100000.0
"rcp2", 150000, 380000, 16.00000, .1851851851851852E-01, 1, 4, 1, 2, -15.00000, 15.00000, 100000.0, 300000.0
"rcp2", 150000, 380000, 24.00000, .2777777777777778E-01, 1, 4, 1, 3, -15.00000, 15.00000, 300000.0, 1000000.
"rcp2", 150000, 380000, 32.00000, .3703703703703703E-01, 1, 4, 1, 4, -15.00000, 15.00000, 1000000., 3000000.
"rcp2", 150000, 380000, 16.00000, .1851851851851852E-01, 1, 4, 2, 1, 15.00000, 45.00000, .000000, 100000.0
"rcp2", 150000, 380000, 32.00000, .3703703703703703E-01, 1, 4, 2, 2, 15.00000, 45.00000, 100000.0, 300000.0
"rcp2", 150000, 380000, 48.00000, .5555555555555555E-01, 1, 4, 2, 3, 15.00000, 45.00000, 300000.0, 1000000.
"rcp2", 150000, 380000, 64.00000, .7407407407407407E-01, 1, 4, 2, 4, 15.00000, 45.00000, 1000000., 3000000.
"rcp2", 150000, 380000, 24.00000, .2777777777777778E-01, 1, 4, 3, 1, 45.00000, 75.00000, .000000, 100000.0
"rcp2", 150000, 380000, 48.00000, .5555555555555555E-01, 1, 4, 3, 2, 45.00000, 75.00000, 100000.0, 300000.0
"rcp2", 150000, 380000, 72.00000, .8333333333333333E-01, 1, 4, 3, 3, 45.00000, 75.00000, 300000.0, 1000000.
"rcp2", 150000, 380000, 96.00000, .1111111111111111, 1, 4, 3, 4, 45.00000, 75.00000, 1000000., 3000000.
"rcp2", 150000, 380000, 32.00000, .3703703703703703E-01, 1, 4, 4, 1, 75.00000, 105.0000, .000000, 100000.0
"rcp2", 150000, 380000, 64.00000, .7407407407407407E-01, 1, 4, 4, 2, 75.00000, 105.0000, 100000.0, 300000.0
"rcp2", 150000, 380000, 96.00000, .1111111111111111, 1, 4, 4, 3, 75.00000, 105.0000, 300000.0, 1000000.
"rcp2", 150000, 380000, 128.0000, .1481481481481481, 1, 4, 4, 4, 75.00000, 105.0000, 1000000., 3000000.
"rcp2", 150000, 380000, 40.00000, .4629629629629629E-01, 1, 4, 5, 1, 105.0000, 135.0000, .000000, 100000.0
"rcp2", 150000, 380000, 80.00000, .9259259259259259E-01, 1, 4, 5, 2, 105.0000, 135.0000, 100000.0, 300000.0
"rcp2", 150000, 380000, 120.0000, .1388888888888889, 1, 4, 5, 3, 105.0000, 135.0000, 300000.0, 1000000.
"rcp2", 150000, 380000, 160.0000, .1851851851851852, 1, 4, 5, 4, 105.0000, 135.0000, 1000000., 3000000.
"rcp2", 150000, 380000, 48.00000, .5555555555555555E-01, 1, 4, 6, 1, 135.0000, 165.0000, .000000, 100000.0
"rcp2", 150000, 380000, 96.00000, .1111111111111111, 1, 4, 6, 2, 135.0000, 165.0000, 100000.0, 300000.0
"rcp2", 150000, 380000, 144.0000, .1666666666666667, 1, 4, 6, 3, 135.0000, 165.0000, 300000.0, 1000000.
"rcp2", 150000, 380000, 192.0000, .2222222222222222, 1, 4, 6, 4, 135.0000, 165.0000, 1000000., 3000000.
"rcp2", 150000, 380000, 56.00000, .6481481481481481E-01, 1, 4, 7, 1, 165.0000, 195.0000, .000000, 100000.0
"rcp2", 150000, 380000, 112.0000, .1296296296296296, 1, 4, 7, 2, 165.0000, 195.0000, 100000.0, 300000.0
"rcp2", 150000, 380000, 168.0000, .1944444444444444, 1, 4, 7, 3, 165.0000, 195.0000, 300000.0, 1000000.
"rcp2", 150000, 380000, 224.0000, .2592592592592592, 1, 4, 7, 4, 165.0000, 195.0000, 1000000., 3000000.
"rcp2", 150000, 380000, 64.00000, .7407407407407407E-01, 1, 4, 8, 1, 195.0000, 225.0000, .000000, 100000.0
"rcp2", 150000, 380000, 128.0000, .1481481481481481, 1, 4, 8, 2, 195.0000, 225.0000, 100000.0, 300000.0
"rcp2", 150000, 380000, 192.0000, .2222222222222222, 1, 4, 8, 3, 195.0000, 225.0000, 300000.0, 1000000.
"rcp2", 150000, 380000, 256.0000, .2962962962962963, 1, 4, 8, 4, 195.0000, 225.0000, 1000000., 3000000.
"rcp2", 150000, 380000, 72.00000, .8333333333333333E-01, 1, 4, 9, 1, 225.0000, 255.0000, .000000, 100000.0
"rcp2", 150000, 380000, 144.0000, .1666666666666667, 1, 4, 9, 2, 225.0000, 255.0000, 100000.0, 300000.0
"rcp2", 150000, 380000, 216.0000, .2500000000000000, 1, 4, 9, 3, 225.0000, 255.0000, 300000.0, 1000000.
"rcp2", 150000, 380000, 288.0000, .3333333333333333, 1, 4, 9, 4, 225.0000, 255.0000, 1000000., 3000000.
"rcp2", 150000, 380000, 80.00000, .9259259259259259E-01, 1, 4, 10, 1, 255.0000, 285.0000, .000000, 100000.0
"rcp2", 150000, 380000, 160.0000, .1851851851851852, 1, 4, 10, 2, 255.0000, 285.0000, 100000.0, 300000.0
"rcp2", 150000, 380000, 240.0000, .2777777777777778, 1, 4, 10, 3, 255.0000, 285.0000, 300000.0, 1000000.
"rcp2", 150000, 380000, 320.0000, .3703703703703703, 1, 4, 10, 4, 255.0000, 285.0000, 1000000., 3000000.
"rcp2", 150000, 380000, 88.00000, .1018518518518518, 1, 4, 11, 1, 285.0000, 315.0000, .000000, 100000.0
"rcp2", 150000, 380000, 176.0000, .2037037037037037, 1, 4, 11, 2, 285.0000, 315.0000, 100000.0, 300000.0
"rcp2", 150000, 380000, 264.0000, .3055555555555556, 1, 4, 11, 3, 285.0000, 315.0000, 300000.0, 1000000.
"rcp2", 150000, 380000, 352.0000, .4074074074074074, 1, 4, 11, 4, 285.0000, 315.0000, 1000000., 3000000.
"rcp2", 150000, 380000, 96.00000, .1111111111111111, 1, 4, 12, 1, 315.0000, 345.0000, .000000, 100000.0
"rcp2", 150000, 380000, 192.0000, .2222222222222222, 1, 4, 12, 2, 315.0000, 345.0000, 100000.0, 300000.0
"rcp2", 150000, 380000, 288.0000, .3333333333333333, 1, 4, 12, 3, 315.0000, 345.0000, 300000.0, 1000000.
"rcp2", 150000, 380000, 384.0000, .4444444444444444, 1, 4, 12, 4, 315.0000, 345.0000, 1000000., 3000000.
"rcp2", 150000, 380000, 10.00000, .1157407407407407E-01, 1, 5, 1, 1, -15.00000, 15.00000, .000000, 100000.0
"rcp2", 150000, 380000, 20.00000, .2314814814814815E-01, 1, 5, 1, 2, -15.00000, 15.00000, 100000.0, 300000.0
"rcp2", 150000, 380000, 30.00000, .3472222222222222E-01, 1, 5, 1, 3, -15.00000, 15.00000, 300000.0, 1000000.
"rcp2", 150000, 380000, 40.00000, .4629629629629629E-01, 1, 5, 1, 4, -15.00000, 15.00000, 1000000., 3000000.
"rcp2", 150000, 380000, 20.00000, .2314814814814815E-01, 1, 5, 2, 1, 15.00000, 45.00000, .000000, 100000.0
"rcp2", 150000, 380000, 40.00000, .4629629629629629E-01, 1, 5, 2, 2, 15.00000, 45.00000, 100000.0, 300000.0
"rcp2", 150000, 380000, 60.00000, .6944444444444445E-01, 1, 5, 2, 3, 15.00000, 45.00000, 300000.0, 1000000.
"rcp2", 150000, 380000, 80.00000, .9259259259259259E-01, 1, 5, 2, 4, 15.00000, 45.00000, 1000000., 3000000.
"rcp2", 150000, 380000, 30.00000, .3472222222222222E-01, 1, 5, 3, 1, 45.00000, 75.00000, .000000, 100000.0
"rcp2", 150000, 380000, 60.00000, .6944444444444445E-01, 1, 5, 3, 2, 45.00000, 75.00000, 100000.0, 300000.0
"rcp2", 150000, 380000, 90.00000, .1041666666666667, 1, 5, 3, 3, 45.00000, 75.00000, 300000.0, 1000000.
"rcp2", 150000, 380000, 120.0000, .1388888888888889, 1, 5, 3, 4, 45.00000, 75.00000, 1000000., 3000000.
"rcp2", 150000, 380000, 40.00000, .4629629629629629E-01, 1, 5, 4, 1, 75.00000, 105.0000, .000000, 100000.0
"rcp2", 150000, 380000, 80.00000, .9259259259259259E-01, 1, 5, 4, 2, 75.00000, 105.0000, 100000.0, 300000.0
"rcp2", 150000, 380000, 120.0000, .1388888888888889, 1, 5, 4, 3, 75.00000, 105.0000, 300000.0, 1000000.
"rcp2", 150000, 380000, 160.0000, .1851851851851852, 1, 5, 4, 4, 75.00000, 105.0000, 1000000., 3000000.
"rcp2", 150000, 380000, 50.00000, .5787037037037037E-01, 1, 5, 5, 1, 105.0000, 135.0000, .000000, 100000.0
"rcp2", 150000, 380000, 100.0000, .1157407407407407, 1, 5, 5, 2, 105.0000, 135.0000, 100000.0, 300000.0
"rcp2", 150000, 380000, 150.0000, .1736111111111111, 1, 5, 5, 3, 105.0000, 135.0000, 300000.0, 1000000.
"rcp2", 150000, 380000, 200.0000, .2314814814814815, 1, 5, 5, 4, 105.0000, 135.0000, 1000000., 3000000.
"rcp2", 150000, 380000, 60.00000, .6944444444444445E-01, 1, 5, 6, 1, 135.0000, 165.0000, .000000, 100000.0
"rcp2", 150000, 380000, 120.0000, .1388888888888889, 1, 5, 6, 2, 135.0000, 165.0000, 100000.0, 300000.0
"rcp2", 150000, 380000, 180.0000, .2083333333333333, 1, 5, 6, 3, 135.0000, 165.0000, 300000.0, 1000000.
"rcp2", 150000, 380000, 240.0000, .2777777777777778, 1, 5, 6, 4, 135.0000, 165.0000, 1000000., 3000000.
"rcp2", 150000, 380000, 70.00000, .8101851851851852E-01, 1, 5, 7, 1, 165.0000, 195.0000, .000000, 100000.0
"rcp2", 150000, 380000, 140.0000, .1620370370370370, 1, 5, 7, 2, 165.0000, 195.0000, 100000.0, 300000.0
"rcp2", 150000, 380000, 210.0000, .2430555555555556, 1, 5, 7, 3, 165.0000, 195.0000, 300000.0, 1000000.
"rcp2", 150000, 380000, 280.0000, .3240740740740741, 1, 5, 7, 4, 165.0000, 195.0000, 1000000., 3000000.
"rcp2", 150000, 380000, 80.00000, .9259259259259259E-01, 1, 5, 8, 1, 195.0000, 225.0000, .000000, 100000.0
"rcp2", 150000, 380000, 160.0000, .1851851851851852, 1, 5, 8, 2, 195.0000, 225.0000, 100000.0, 300000.0
"rcp2", 150000, 380000, 240.0000, .2777777777777778, 1, 5, 8, 3, 195.0000, 225.0000, 300000.0, 1000000.
"rcp2", 150000, 380000, 320.0000, .3703703703703703, 1, 5, 8, 4, 195.0000, 225.0000, 1000000., 3000000.
"rcp2", 150000, 380000, 90.00000, .1041666666666667, 1, 5, 9, 1, 225.0000, 255.0000, .000000, 100000.0
"rcp2", 150000, 380000, 180.0000, .2083333333333333, 1, 5, 9, 2, 225.0000, 255.0000, 100000.0, 300000.0
"rcp2", 150000, 380000, 270.0000, .3125000000000000, 1, 5, 9, 3, 225.0000, 255.0000, 300000.0, 1000000.
"rcp2", 150000, 380000, 360.0000, .4166666666666667, 1, 5, 9, 4, 225.0000, 255.0000, 1000000., 3000000.
"rcp2", 150000, 380000, 100.0000, .1157407407407407, 1, 5, 10, 1, 255.0000, 285.0000, .000000, 100000.0
"rcp2", 150000, 380000, 200.0000, .2314814814814815, 1, 5, 10, 2, 255.0000, 285.0000, 100000.0, 300000.0
"rcp2", 150000, 380000, 300.0000, .3472222222222222, 1, 5, 10, 3, 255.0000, 285.0000, 300000.0, 1000000.
"rcp2", 150000, 380000, 400.0000, .4629629629629630, 1, 5, 10, 4, 255.0000, 285.0000, 1000000., 3000000.
"rcp2", 150000, 380000, 110.0000, .1273148148148148, 1, 5, 11, 1, 285.0000, 315.0000, .000000, 100000.0
"rcp2", 150000, 380000, 220.0000, .2546296296296297, 1, 5, 11, 2, 285.0000, 315.0000, 100000.0, 300000.0
"rcp2", 150000, 380000, 330.0000, .3819444444444444, 1, 5, 11, 3, 285.0000, 315.0000, 300000.0, 1000000.
"rcp2", 150000, 380000, 440.0000, .5092592592592593, 1, 5, 11, 4, 285.0000, 315.0000, 1000000., 3000000.
"rcp2", 150000, 380000, 120.0000, .1388888888888889, 1, 5, 12, 1, 315.0000, 345.0000, .000000, 100000.0
"rcp2", 150000, 380000, 240.0000, .2777777777777778, 1, 5, 12, 2, 315.0000, 345.0000, 100000.0, 300000.0
"rcp2", 150000, 380000, 360.0000, .4166666666666667, 1, 5, 12, 3, 315.0000, 345.0000, 300000.0, 1000000.
"rcp2", 150000, 380000, 480.0000, .5555555555555556, 1, 5, 12, 4, 315.0000, 345.0000, 1000000., 3000000.
"rcp2", 150000, 380000, 12.00000, .1388888888888889E-01, 1, 6, 1, 1, -15.00000, 15.00000, .000000, 100000.0
"rcp2", 150000, 380000, 24.00000, .2777777777777778E-01, 1, 6, 1, 2, -15.00000, 15.00000, 100000.0, 300000.0
"rcp2", 150000, 380000, 36.00000, .4166666666666666E-01, 1, 6, 1, 3, -15.00000, 15.00000, 300000.0, 1000000.
"rcp2", 150000, 380000, 48.00000, .5555555555555555E-01, 1, 6, 1, 4, -15.00000, 15.00000, 1000000., 3000000.
"rcp2", 150000, 380000, 24.00000, .2777777777777778E-01, 1, 6, 2, 1, 15.00000, 45.00000, .000000, 100000.0
"rcp2", 150000, 380000, 48.00000, .5555555555555555E-01, 1, 6, 2, 2, 15.00000, 45.00000, 100000.0, 300000.0
"rcp2", 150000, 380000, 72.00000, .8333333333333333E-01, 1, 6, 2, 3, 15.00000, 45.00000, 300000.0, 1000000.
"rcp2", 150000, 380000, 96.00000, .1111111111111111, 1, 6, 2, 4, 15.00000, 45.00000, 1000000., 3000000.
"rcp2", 150000, 380000, 36.00000, .4166666666666666E-01, 1, 6, 3, 1, 45.00000, 75.00000, .000000, 100000.0
"rcp2", 150000, 380000, 72.00000, .8333333333333333E-01, 1, 6, 3, 2, 45.00000, 75.00000, 100000.0, 300000.0
"rcp2", 150000, 380000, 108.0000, .1250000000000000, 1, 6, 3, 3, 45.00000, 75.00000, 300000.0, 1000000.
"rcp2", 150000, 380000, 144.0000, .1666666666666667, 1, 6, 3, 4, 45.00000, 75.00000, 1000000., 3000000.
"rcp2", 150000, 380000, 48.00000, .5555555555555555E-01, 1, 6, 4, 1, 75.00000, 105.0000, .000000, 100000.0
"rcp2", 150000, 380000, 96.00000, .1111111111111111, 1, 6, 4, 2, 75.00000, 105.0000, 100000.0, 300000.0
"rcp2", 150000, 380000, 144.0000, .1666666666666667, 1, 6, 4, 3, 75.00000, 105.0000, 300000.0, 1000000.
"rcp2", 150000, 380000, 192.0000, .2222222222222222, 1, 6, 4, 4, 75.00000, 105.0000, 1000000., 3000000.
"rcp2", 150000, 380000, 60.00000, .6944444444444445E-01, 1, 6, 5, 1, 105.0000, 135.0000, .000000, 100000.0
"rcp2", 150000, 380000, 120.0000, .1388888888888889, 1, 6, 5, 2, 105.0000, 135.0000, 100000.0, 300000.0
"rcp2", 150000, 380000, 180.0000, .2083333333333333, 1, 6, 5, 3, 105.0000, 135.0000, 300000.0, 1000000.
"rcp2", 150000, 380000, 240.0000, .2777777777777778, 1, 6, 5, 4, 105.0000, 135.0000, 1000000., 3000000.
"rcp2", 150000, 380000, 72.00000, .8333333333333333E-01, 1, 6, 6, 1, 135.0000, 165.0000, .000000, 100000.0
"rcp2", 150000, 380000, 144.0000, .1666666666666667, 1, 6, 6, 2, 135.0000, 165.0000, 100000.0, 300000.0
"rcp2", 150000, 380000, 216.0000, .2500000000000000, 1, 6, 6, 3, 135.0000, 165.0000, 300000.0, 1000000.
"rcp2", 150000, 380000, 288.0000, .3333333333333333, 1, 6, 6, 4, 135.0000, 165.0000, 1000000., 3000000.
"rcp2", 150000, 380000, 84.00000, .9722222222222222E-01, 1, 6, 7, 1, 165.0000, 195.0000, .000000, 100000.0
"rcp2", 150000, 380000, 168.0000, .1944444444444444, 1, 6, 7, 2, 165.0000, 195.0000, 100000.0, 300000.0
"rcp2", 150000, 380000, 252.0000, .2916666666666667, 1, 6, 7, 3, 165.0000, 195.0000, 300000.0, 1000000.
"rcp2", 150000, 380000, 336.0000, .3888888888888889, 1, 6, 7, 4, 165.0000, 195.0000, 1000000., 3000000.
"rcp2", 150000, 380000, 96.00000, .1111111111111111, 1, 6, 8, 1, 195.0000, 225.0000, .000000, 100000.0
"rcp2", 150000, 380000, 192.0000, .2222222222222222, 1, 6, 8, 2, 195.0000, 225.0000, 100000.0, 300000.0
"rcp2", 150000, 380000, 288.0000, .3333333333333333, 1, 6, 8, 3, 195.0000, 225.0000, 300000.0, 1000000.
"rcp2", 150000, 380000, 384.0000, .4444444444444444, 1, 6, 8, 4, 195.0000, 225.0000, 1000000., 3000000.
"rcp2", 150000, 380000, 108.0000, .1250000000000000, 1, 6, 9, 1, 225.0000, 255.0000, .000000, 100000.0
"rcp2", 150000, 380000, 216.0000, .2500000000000000, 1, 6, 9, 2, 225.0000, 255.0000, 100000.0, 300000.0
"rcp2", 150000, 380000, 324.0000, .3750000000000000, 1, 6, 9, 3, 225.0000, 255.0000, 300000.0, 1000000.
"rcp2", 150000, 380000, 432.0000, .5000000000000000, 1, 6, 9, 4, 225.0000, 255.0000, 1000000., 3000000.
"rcp2", 150000, 380000, 120.0000, .1388888888888889, 1, 6, 10, 1, 255.0000, 285.0000, .000000, 100000.0
"rcp2", 150000, 380000, 240.0000, .2777777777777778, 1, 6, 10, 2, 255.0000, 285.0000, 100000.0, 300000.0
"rcp2", 150000, 380000, 360.0000, .4166666666666667, 1, 6, 10, 3, 255.0000, 285.0000, 300000.0, 1000000.
"rcp2", 150000, 380000, 480.0000, .5555555555555556, 1, 6, 10, 4, 255.0000, 285.0000, 1000000., 3000000.
"rcp2", 150000, 380000, 132.0000, .1527777777777778, 1, 6, 11, 1, 285.0000, 315.0000, .000000, 100000.0
"rcp2", 150000, 380000, 264.0000, .3055555555555556, 1, 6, 11, 2, 285.0000, 315.0000, 100000.0, 300000.0
"rcp2", 150000, 380000, 396.0000, .4583333333333333, 1, 6, 11, 3, 285.0000, 315.0000, 300000.0, 1000000.
"rcp2", 150000, 380000, 528.0000, .6111111111111112, 1, 6, 11, 4, 285.0000, 315.0000, 1000000., 3000000.
"rcp2", 150000, 380000, 144.0000, .1666666666666667, 1, 6, 12, 1, 315.0000, 345.0000, .000000, 100000.0
"rcp2", 150000, 380000, 288.0000, .3333333333333333, 1, 6, 12, 2, 315.0000, 345.0000, 100000.0, 300000.0
"rcp2", 150000, 380000, 432.0000, .5000000000000000, 1, 6, 12, 3, 315.0000, 345.0000, 300000.0, 1000000.
"rcp2", 150000, 380000, 576.0000, .6666666666666666, 1, 6, 12, 4, 315.0000, 345.0000, 1000000., 3000000.
"rcp3", 160000, 390000, 3.000000, .3472222222222222E-02, 1, 1, 1, 1, -15.00000, 15.00000, .000000, 100000.0
"rcp3", 160000, 390000, 6.000000, .6944444444444444E-02, 1, 1, 1, 2, -15.00000, 15.00000, 100000.0, 300000.0
"rcp3", 160000, 390000, 9.000000, .1041666666666667E-01, 1, 1, 1, 3, -15.00000, 15.00000, 300000.0, 1000000.
"rcp3", 160000, 390000, 12.00000, .1388888888888889E-01, 1, 1, 1, 4, -15.00000, 15.00000, 1000000., 3000000.
"rcp3", 160000, 390000, 6.000000, .6944444444444444E-02, 1, 1, 2, 1, 15.00000, 45.00000, .000000, 100000.0
"rcp3", 160000, 390000, 12.00000, .1388888888888889E-01, 1, 1, 2, 2, 15.00000, 45.00000, 100000.0, 300000.0
"rcp3", 160000, 390000, 18.00000, .2083333333333333E-01, 1, 1, 2, 3, 15.00000, 45.00000, 300000.0, 1000000.
"rcp3", 160000, 390000, 24.00000, .2777777777777778E-01, 1, 1, 2, 4, 15.00000, 45.00000, 1000000., 3000000.
"rcp3", 160000, 390000, 9.000000, .1041666666666667E-01, 1, 1, 3, 1, 45.00000, 75.00000, .000000, 100000.0
"rcp3", 160000, 390000, 18.00000, .2083333333333333E-01, 1, 1, 3, 2, 45.00000, 75.00000, 100000.0, 300000.0
"rcp3", 160000, 390000, 27.00000, .3125000000000000E-01, 1, 1, 3, 3, 45.00000, 75.00000, 300000.0, 1000000.
"rcp3", 160000, 390000, 36.00000, .4166666666666666E-01, 1, 1, 3, 4, 45.00000, 75.00000, 1000000., 3000000.
"rcp3", 160000, 390000, 12.00000, .1388888888888889E-01, 1, 1, 4, 1, 75.00000, 105.0000, .000000, 100000.0
"rcp3", 160000, 390000, 24.00000, .2777777777777778E-01, 1, 1, 4, 2, 75.00000, 105.0000, 100000.0, 300000.0
"rcp3", 160000, 390000, 36.00000, .4166666666666666E-01, 1, 1, 4, 3, 75.00000, 105.0000, 300000.0, 1000000.
"rcp3", 160000, 390000, 48.00000, .5555555555555555E-01, 1, 1, 4, 4, 75.00000, 105.0000, 1000000., 3000000.
"rcp3", 160000, 390000, 15.00000, .1736111111111111E-01, 1, 1, 5, 1, 105.0000, 135.0000, .000000, 100000.0
"rcp3", 160000, 390000, 30.00000, .3472222222222222E-01, 1, 1, 5, 2, 105.0000, 135.0000, 100000.0, 300000.0
"rcp3", 160000, 390000, 45.00000, .5208333333333334E-01, 1, 1, 5, 3, 105.0000, 135.0000, 300000.0, 1000000.
"rcp3", 160000, 390000, 60.00000, .6944444444444445E-01, 1, 1, 5, 4, 105.0000, 135.0000, 1000000., 3000000.
"rcp3", 160000, 390000, 18.00000, .2083333333333333E-01, 1, 1, 6, 1, 135.0000, 165.0000, .000000, 100000.0
"rcp3", 160000, 390000, 36.00000, .4166666666666666E-01, 1, 1, 6, 2, 135.0000, 165.0000, 100000.0, 300000.0
"rcp3", 160000, 390000, 54.00000, .6250000000000000E-01, 1, 1, 6, 3, 135.0000, 165.0000, 300000.0, 1000000.
"rcp3", 160000, 390000, 72.00000, .8333333333333333E-01, 1, 1, 6, 4, 135.0000, 165.0000, 1000000., 3000000.
"rcp3", 160000, 390000, 21.00000, .2430555555555556E-01, 1, 1, 7, 1, 165.0000, 195.0000, .000000, 100000.0
"rcp3", 160000, 390000, 42.00000, .4861111111111111E-01, 1, 1, 7, 2, 165.0000, 195.0000, 100000.0, 300000.0
"rcp3", 160000, 390000, 63.00000, .7291666666666667E-01, 1, 1, 7, 3, 165.0000, 195.0000, 300000.0, 1000000.
"rcp3", 160000, 390000, 84.00000, .9722222222222222E-01, 1, 1, 7, 4, 165.0000, 195.0000, 1000000., 3000000.
"rcp3", 160000, 390000, 24.00000, .2777777777777778E-01, 1, 1, 8, 1, 195.0000, 225.0000, .000000, 100000.0
"rcp3", 160000, 390000, 48.00000, .5555555555555555E-01, 1, 1, 8, 2, 195.0000, 225.0000, 100000.0, 300000.0
"rcp3", 160000, 390000, 72.00000, .8333333333333333E-01, 1, 1, 8, 3, 195.0000, 225.0000, 300000.0, 1000000.
"rcp3", 160000, 390000, 96.00000, .1111111111111111, 1, 1, 8, 4, 195.0000, 225.0000, 1000000., 3000000.
"rcp3", 160000, 390000, 27.00000, .3125000000000000E-01, 1, 1, 9, 1, 225.0000, 255.0000, .000000, 100000.0
"rcp3", 160000, 390000, 54.00000, .6250000000000000E-01, 1, 1, 9, 2, 225.0000, 255.0000, 100000.0, 300000.0
"rcp3", 160000, 390000, 81.00000, .9375000000000000E-01, 1, 1, 9, 3, 225.0000, 255.0000, 300000.0, 1000000.
"rcp3", 160000, 390000, 108.0000, .1250000000000000, 1, 1, 9, 4, 225.0000, 255.0000, 1000000., 3000000.
"rcp3", 160000, 390000, 30.00000, .3472222222222222E-01, 1, 1, 10, 1, 255.0000, 285.0000, .000000, 100000.0
"rcp3", 160000, 390000, 60.00000, .6944444444444445E-01, 1, 1, 10, 2, 255.0000, 285.0000, 100000.0, 300000.0
"rcp3", 160000, 390000, 90.00000, .1041666666666667, 1, 1, 10, 3, 255.0000, 285.0000, 300000.0, 1000000.
"rcp3", 160000, 390000, 120.0000, .1388888888888889, 1, 1, 10, 4, 255.0000, 285.0000, 1000000., 3000000.
"rcp3", 160000, 390000, 33.00000, .3819444444444445E-01, 1, 1, 11, 1, 285.0000, 315.0000, .000000, 100000.0
"rcp3", 160000, 390000, 66.00000, .7638888888888890E-01, 1, 1, 11, 2, 285.0000, 315.0000, 100000.0, 300000.0
"rcp3", 160000, 390000, 99.00000, .1145833333333333, 1, 1, 11, 3, 285.0000, 315.0000, 300000.0, 1000000.
"rcp3", 160000, 390000, 132.0000, .1527777777777778, 1, 1, 11, 4, 285.0000, 315.0000, 1000000., 3000000.
"rcp3", 160000, 390000, 36.00000, .4166666666666666E-01, 1, 1, 12, 1, 315.0000, 345.0000, .000000, 100000.0
"rcp3", 160000, 390000, 72.00000, .8333333333333333E-01, 1, 1, 12, 2, 315.0000, 345.0000, 100000.0, 300000.0
"rcp3", 160000, 390000, 108.0000, .1250000000000000, 1, 1, 12, 3, 315.0000, 345.0000, 300000.0, 1000000.
"rcp3", 160000, 390000, 144.0000, .1666666666666667, 1, 1, 12, 4, 315.0000, 345.0000, 1000000., 3000000.
"rcp3", 160000, 390000, 6.000000, .6944444444444444E-02, 1, 2, 1, 1, -15.00000, 15.00000, .000000, 100000.0
"rcp3", 160000, 390000, 12.00000, .1388888888888889E-01, 1, 2, 1, 2, -15.00000, 15.00000, 100000.0, 300000.0
"rcp3", 160000, 390000, 18.00000, .2083333333333333E-01, 1, 2, 1, 3, -15.00000, 15.00000, 300000.0, 1000000.
"rcp3", 160000, 390000, 24.00000, .2777777777777778E-01, 1, 2, 1, 4, -15.00000, 15.00000, 1000000., 3000000.
"rcp3", 160000, 390000, 12.00000, .1388888888888889E-01, 1, 2, 2, 1, 15.00000, 45.00000, .000000, 100000.0
"rcp3", 160000, 390000, 24.00000, .2777777777777778E-01, 1, 2, 2, 2, 15.00000, 45.00000, 100000.0, 300000.0
"rcp3", 160000, 390000, 36.00000, .4166666666666666E-01, 1, 2, 2, 3, 15.00000, 45.00000, 300000.0, 1000000.
"rcp3", 160000, 390000, 48.00000, .5555555555555555E-01, 1, 2, 2, 4, 15.00000, 45.00000, 1000000., 3000000.
"rcp3", 160000, 390000, 18.00000, .2083333333333333E-01, 1, 2, 3, 1, 45.00000, 75.00000, .000000, 100000.0
"rcp3", 160000, 390000, 36.00000, .4166666666666666E-01, 1, 2, 3, 2, 45.00000, 75.00000, 100000.0, 300000.0
"rcp3", 160000, 390000, 54.00000, .6250000000000000E-01, 1, 2, 3, 3, 45.00000, 75.00000, 300000.0, 1000000.
"rcp3", 160000, 390000, 72.00000, .8333333333333333E-01, 1, 2, 3, 4, 45.00000, 75.00000, 1000000., 3000000.
"rcp3", 160000, 390000, 24.00000, .2777777777777778E-01, 1, 2, 4, 1, 75.00000, 105.0000, .000000, 100000.0
"rcp3", 160000, 390000, 48.00000, .5555555555555555E-01, 1, 2, 4, 2, 75.00000, 105.0000, 100000.0, 300000.0
"rcp3", 160000, 390000, 72.00000, .8333333333333333E-01, 1, 2, 4, 3, 75.00000, 105.0000, 300000.0, 1000000.
"rcp3", 160000, 390000, 96.00000, .1111111111111111, 1, 2, 4, 4, 75.00000, 105.0000, 1000000., 3000000.
"rcp3", 160000, 390000, 30.00000, .3472222222222222E-01, 1, 2, 5, 1, 105.0000, 135.0000, .000000, 100000.0
"rcp3", 160000, 390000, 60.00000, .6944444444444445E-01, 1, 2, 5, 2, 105.0000, 135.0000, 100000.0, 300000.0
"rcp3", 160000, 390000, 90.00000, .1041666666666667, 1, 2, 5, 3, 105.0000, 135.0000, 300000.0, 1000000.
"rcp3", 160000, 390000, 120.0000, .1388888888888889, 1, 2, 5, 4, 105.0000, 135.0000, 1000000., 3000000.
"rcp3", 160000, 390000, 36.00000, .4166666666666666E-01, 1, 2, 6, 1, 135.0000, 165.0000, .000000, 100000.0
"rcp3", 160000, 390000, 72.00000, .8333333333333333E-01, 1, 2, 6, 2, 135.0000, 165.0000, 100000.0, 300000.0
"rcp3", 160000, 390000, 108.0000, .1250000000000000, 1, 2, 6, 3, 135.0000, 165.0000, 300000.0, 1000000.
"rcp3", 160000, 390000, 144.0000, .1666666666666667, 1, 2, 6, 4, 135.0000, 165.0000, 1000000., 3000000.
"rcp3", 160000, 390000, 42.00000, .4861111111111111E-01, 1, 2, 7, 1, 165.0000, 195.0000, .000000, 100000.0
"rcp3", 160000, 390000, 84.00000, .9722222222222222E-01, 1, 2, 7, 2, 165.0000, 195.0000, 100000.0, 300000.0
"rcp3", 160000, 390000, 126.0000, .1458333333333333, 1, 2, 7, 3, 165.0000, 195.0000, 300000.0, 1000000.
"rcp3", 160000, 390000, 168.0000, .1944444444444444, 1, 2, 7, 4, 165.0000, 195.0000, 1000000., 3000000.
"rcp3", 160000, 390000, 48.00000, .5555555555555555E-01, 1, 2, 8, 1, 195.0000, 225.0000, .000000, 100000.0
"rcp3", 160000, 390000, 96.00000, .1111111111111111, 1, 2, 8, 2, 195.0000, 225.0000, 100000.0, 300000.0
"rcp3", 160000, 390000, 144.0000, .1666666666666667, 1, 2, 8, 3, 195.0000, 225.0000, 300000.0, 1000000.
"rcp3", 160000, 390000, 192.0000, .2222222222222222, 1, 2, 8, 4, 195.0000, 225.0000, 1000000., 3000000.
"rcp3", 160000, 390000, 54.00000, .6250000000000000E-01, 1, 2, 9, 1, 225.0000, 255.0000, .000000, 100000.0
"rcp3", 160000, 390000, 108.0000, .1250000000000000, 1, 2, 9, 2, 225.0000, 255.0000, 100000.0, 300000.0
"rcp3", 160000, 390000, 162.0000, .1875000000000000, 1, 2, 9, 3, 225.0000, 255.0000, 300000.0, 1000000.
"rcp3", 160000, 390000, 216.0000, .2500000000000000, 1, 2, 9, 4, 225.0000, 255.0000, 1000000., 3000000.
"rcp3", 160000, 390000, 60.00000, .6944444444444445E-01, 1, 2, 10, 1, 255.0000, 285.0000, .000000, 100000.0
"rcp3", 160000, 390000, 120.0000, .1388888888888889, 1, 2, 10, 2, 255.0000, 285.0000, 100000.0, 300000.0
"rcp3", 160000, 390000, 180.0000, .2083333333333333, 1, 2, 10, 3, 255.0000, 285.0000, 300000.0, 1000000.
"rcp3", 160000, 390000, 240.0000, .2777777777777778, 1, 2, 10, 4, 255.0000, 285.0000, 1000000., 3000000.
"rcp3", 160000, 390000, 66.00000, .7638888888888890E-01, 1, 2, 11, 1, 285.0000, 315.0000, .000000, 100000.0
"rcp3", 160000, 390000, 132.0000, .1527777777777778, 1, 2, 11, 2, 285.0000, 315.0000, 100000.0, 300000.0
"rcp3", 160000, 390000, 198.0000, .2291666666666667, 1, 2, 11, 3, 285.0000, 315.0000, 300000.0, 1000000.
"rcp3", 160000, 390000, 264.0000, .3055555555555556, 1, 2, 11, 4, 285.0000, 315.0000, 1000000., 3000000.
"rcp3", 160000, 390000, 72.00000, .8333333333333333E-01, 1, 2, 12, 1, 315.0000, 345.0000, .000000, 100000.0
"rcp3", 160000, 390000, 144.0000, .1666666666666667, 1, 2, 12, 2, 315.0000, 345.0000, 100000.0, 300000.0
"rcp3", 160000, 390000, 216.0000, .2500000000000000, 1, 2, 12, 3, 315.0000, 345.0000, 300000.0, 1000000.
"rcp3", 160000, 390000, 288.0000, .3333333333333333, 1, 2, 12, 4, 315.0000, 345.0000, 1000000., 3000000.
"rcp3", 160000, 390000, 9.000000, .1041666666666667E-01, 1, 3, 1, 1, -15.00000, 15.00000, .000000, 100000.0
"rcp3", 160000, 390000, 18.00000, .2083333333333333E-01, 1, 3, 1, 2, -15.00000, 15.00000, 100000.0, 300000.0
"rcp3", 160000, 390000, 27.00000, .3125000000000000E-01, 1, 3, 1, 3, -15.00000, 15.00000, 300000.0, 1000000.
"rcp3", 160000, 390000, 36.00000, .4166666666666666E-01, 1, 3, 1, 4, -15.00000, 15.00000, 1000000., 3000000.
"rcp3", 160000, 390000, 18.00000, .2083333333333333E-01, 1, 3, 2, 1, 15.00000, 45.00000, .000000, 100000.0
"rcp3", 160000, 390000, 36.00000, .4166666666666666E-01, 1, 3, 2, 2, 15.00000, 45.00000, 100000.0, 300000.0
"rcp3", 160000, 390000, 54.00000, .6250000000000000E-01, 1, 3, 2, 3, 15.00000, 45.00000, 300000.0, 1000000.
"rcp3", 160000, 390000, 72.00000, .8333333333333333E-01, 1, 3, 2, 4, 15.00000, 45.00000, 1000000., 3000000.
"rcp3", 160000, 390000, 27.00000, .3125000000000000E-01, 1, 3, 3, 1, 45.00000, 75.00000, .000000, 100000.0
"rcp3", 160000, 390000, 54.00000, .6250000000000000E-01, 1, 3, 3, 2, 45.00000, 75.00000, 100000.0, 300000.0
"rcp3", 160000, 390000, 81.00000, .9375000000000000E-01, 1, 3, 3, 3, 45.00000, 75.00000, 300000.0, 1000000.
"rcp3", 160000, 390000, 108.0000, .1250000000000000, 1, 3, 3, 4, 45.00000, 75.00000, 1000000., 3000000.
"rcp3", 160000, 390000, 36.00000, .4166666666666666E-01, 1, 3, 4, 1, 75.00000, 105.0000, .000000, 100000.0
"rcp3", 160000, 390000, 72.00000, .8333333333333333E-01, 1, 3, 4, 2, 75.00000, 105.0000, 100000.0, 300000.0
"rcp3", 160000, 390000, 108.0000, .1250000000000000, 1, 3, 4, 3, 75.00000, 105.0000, 300000.0, 1000000.
"rcp3", 160000, 390000, 144.0000, .1666666666666667, 1, 3, 4, 4, 75.00000, 105.0000, 1000000., 3000000.
"rcp3", 160000, 390000, 45.00000, .5208333333333334E-01, 1, 3, 5, 1, 105.0000, 135.0000, .000000, 100000.0
"rcp3", 160000, 390000, 90.00000, .1041666666666667, 1, 3, 5, 2, 105.0000, 135.0000, 100000.0, 300000.0
"rcp3", 160000, 390000, 135.0000, .1562500000000000, 1, 3, 5, 3, 105.0000, 135.0000, 300000.0, 1000000.
"rcp3", 160000, 390000, 180.0000, .2083333333333333, 1, 3, 5, 4, 105.0000, 135.0000, 1000000., 3000000.
"rcp3", 160000, 390000, 54.00000, .6250000000000000E-01, 1, 3, 6, 1, 135.0000, 165.0000, .000000, 100000.0
"rcp3", 160000, 390000, 108.0000, .1250000000000000, 1, 3, 6, 2, 135.0000, 165.0000, 100000.0, 300000.0
"rcp3", 160000, 390000, 162.0000, .1875000000000000, 1, 3, 6, 3, 135.0000, 165.0000, 300000.0, 1000000.
"rcp3", 160000, 390000, 216.0000, .2500000000000000, 1, 3, 6, 4, 135.0000, 165.0000, 1000000., 3000000.
"rcp3", 160000, 390000, 63.00000, .7291666666666667E-01, 1, 3, 7, 1, 165.0000, 195.0000, .000000, 100000.0
"rcp3", 160000, 390000, 126.0000, .1458333333333333, 1, 3, 7, 2, 165.0000, 195.0000, 100000.0, 300000.0
"rcp3", 160000, 390000, 189.0000, .2187500000000000, 1, 3, 7, 3, 165.0000, 195.0000, 300000.0, 1000000.
"rcp3", 160000, 390000, 252.0000, .2916666666666667, 1, 3, 7, 4, 165.0000, 195.0000, 1000000., 3000000.
"rcp3", 160000, 390000, 72.00000, .8333333333333333E-01, 1, 3, 8, 1, 195.0000, 225.0000, .000000, 100000.0
"rcp3", 160000, 390000, 144.0000, .1666666666666667, 1, 3, 8, 2, 195.0000, 225.0000, 100000.0, 300000.0
"rcp3", 160000, 390000, 216.0000, .2500000000000000, 1, 3, 8, 3, 195.0000, 225.0000, 300000.0, 1000000.
"rcp3", 160000, 390000, 288.0000, .3333333333333333, 1, 3, 8, 4, 195.0000, 225.0000, 1000000., 3000000.
"rcp3", 160000, 390000, 81.00000, .9375000000000000E-01, 1, 3, 9, 1, 225.0000, 255.0000, .000000, 100000.0
"rcp3", 160000, 390000, 162.0000, .1875000000000000, 1, 3, 9, 2, 225.0000, 255.0000, 100000.0, 300000.0
"rcp3", 160000, 390000, 243.0000, .2812500000000000, 1, 3, 9, 3, 225.0000, 255.0000, 300000.0, 1000000.
"rcp3", 160000, 390000, 324.0000, .3750000000000000, 1, 3, 9, 4, 225.0000, 255.0000, 1000000., 3000000.
"rcp3", 160000, 390000, 90.00000, .1041666666666667, 1, 3, 10, 1, 255.0000, 285.0000, .000000, 100000.0
"rcp3", 160000, 390000, 180.0000, .2083333333333333, 1, 3, 10, 2, 255.0000, 285.0000, 100000.0, 300000.0
"rcp3", 160000, 390000, 270.0000, .3125000000000000, 1, 3, 10, 3, 255.0000, 285.0000, 300000.0, 1000000.
"rcp3", 160000, 390000, 360.0000, .4166666666666667, 1, 3, 10, 4, 255.0000, 285.0000, 1000000., 3000000.
"rcp3", 160000, 390000, 99.00000, .1145833333333333, 1, 3, 11, 1, 285.0000, 315.0000, .000000, 100000.0
"rcp3", 160000, 390000, 198.0000, .2291666666666667, 1, 3, 11, 2, 285.0000, 315.0000, 100000.0, 300000.0
"rcp3", 160000, 390000, 297.0000, .3437500000000000, 1, 3, 11, 3, 285.0000, 315.0000, 300000.0, 1000000.
"rcp3", 160000, 390000, 396.0000, .4583333333333333, 1, 3, 11, 4, 285.0000, 315.0000, 1000000., 3000000.
"rcp3", 160000, 390000, 108.0000, .1250000000000000, 1, 3, 12, 1, 315.0000, 345.0000, .000000, 100000.0
"rcp3", 160000, 390000, 216.0000, .2500000000000000, 1, 3, 12, 2, 315.0000, 345.0000, 100000.0, 300000.0
"rcp3", 160000, 390000, 324.0000, .3750000000000000, 1, 3, 12, 3, 315.0000, 345.0000, 300000.0, 1000000.
"rcp3", 160000, 390000, 432.0000, .5000000000000000, 1, 3, 12, 4, 315.0000, 345.0000, 1000000., 3000000.
"rcp3", 160000, 390000, 12.00000, .1388888888888889E-01, 1, 4, 1, 1, -15.00000, 15.00000, .000000, 100000.0
"rcp3", 160000, 390000, 24.00000, .2777777777777778E-01, 1, 4, 1, 2, -15.00000, 15.00000, 100000.0, 300000.0
"rcp3", 160000, 390000, 36.00000, .4166666666666666E-01, 1, 4, 1, 3, -15.00000, 15.00000, 300000.0, 1000000.
"rcp3", 160000, 390000, 48.00000, .5555555555555555E-01, 1, 4, 1, 4, -15.00000, 15.00000, 1000000., 3000000.
"rcp3", 160000, 390000, 24.00000, .2777777777777778E-01, 1, 4, 2, 1, 15.00000, 45.00000, .000000, 100000.0
"rcp3", 160000, 390000, 48.00000, .5555555555555555E-01, 1, 4, 2, 2, 15.00000, 45.00000, 100000.0, 300000.0
"rcp3", 160000, 390000, 72.00000, .8333333333333333E-01, 1, 4, 2, 3, 15.00000, 45.00000, 300000.0, 1000000.
"rcp3", 160000, 390000, 96.00000, .1111111111111111, 1, 4, 2, 4, 15.00000, 45.00000, 1000000., 3000000.
"rcp3", 160000, 390000, 36.00000, .4166666666666666E-01, 1, 4, 3, 1, 45.00000, 75.00000, .000000, 100000.0
"rcp3", 160000, 390000, 72.00000, .8333333333333333E-01, 1, 4, 3, 2, 45.00000, 75.00000, 100000.0, 300000.0
"rcp3", 160000, 390000, 108.0000, .1250000000000000, 1, 4, 3, 3, 45.00000, 75.00000, 300000.0, 1000000.
"rcp3", 160000, 390000, 144.0000, .1666666666666667, 1, 4, 3, 4, 45.00000, 75.00000, 1000000., 3000000.
"rcp3", 160000, 390000, 48.00000, .5555555555555555E-01, 1, 4, 4, 1, 75.00000, 105.0000, .000000, 100000.0
"rcp3", 160000, 390000, 96.00000, .1111111111111111, 1, 4, 4, 2, 75.00000, 105.0000, 100000.0, 300000.0
"rcp3", 160000, 390000, 144.0000, .1666666666666667, 1, 4, 4, 3, 75.00000, 105.0000, 300000.0, 1000000.
"rcp3", 160000, 390000, 192.0000, .2222222222222222, 1, 4, 4, 4, 75.00000, 105.0000, 1000000., 3000000.
"rcp3", 160000, 390000, 60.00000, .6944444444444445E-01, 1, 4, 5, 1, 105.0000, 135.0000, .000000, 100000.0
"rcp3", 160000, 390000, 120.0000, .1388888888888889, 1, 4, 5, 2, 105.0000, 135.0000, 100000.0, 300000.0
"rcp3", 160000, 390000, 180.0000, .2083333333333333, 1, 4, 5, 3, 105.0000, 135.0000, 300000.0, 1000000.
"rcp3", 160000, 390000, 240.0000, .2777777777777778, 1, 4, 5, 4, 105.0000, 135.0000, 1000000., 3000000.
"rcp3", 160000, 390000, 72.00000, .8333333333333333E-01, 1, 4, 6, 1, 135.0000, 165.0000, .000000, 100000.0
"rcp3", 160000, 390000, 144.0000, .1666666666666667, 1, 4, 6, 2, 135.0000, 165.0000, 100000.0, 300000.0
"rcp3", 160000, 390000, 216.0000, .2500000000000000, 1, 4, 6, 3, 135.0000, 165.0000, 300000.0, 1000000.
"rcp3", 160000, 390000, 288.0000, .3333333333333333, 1, 4, 6, 4, 135.0000, 165.0000, 1000000., 3000000.
"rcp3", 160000, 390000, 84.00000, .9722222222222222E-01, 1, 4, 7, 1, 165.0000, 195.0000, .000000, 100000.0
"rcp3", 160000, 390000, 168.0000, .1944444444444444, 1, 4, 7, 2, 165.0000, 195.0000, 100000.0, 300000.0
"rcp3", 160000, 390000, 252.0000, .2916666666666667, 1, 4, 7, 3, 165.0000, 195.0000, 300000.0, 1000000.
"rcp3", 160000, 390000, 336.0000, .3888888888888889, 1, 4, 7, 4, 165.0000, 195.0000, 1000000., 3000000.
"rcp3", 160000, 390000, 96.00000, .1111111111111111, 1, 4, 8, 1, 195.0000, 225.0000, .000000, 100000.0
"rcp3", 160000, 390000, 192.0000, .2222222222222222, 1, 4, 8, 2, 195.0000, 225.0000, 100000.0, 300000.0
"rcp3", 160000, 390000, 288.0000, .3333333333333333, 1, 4, 8, 3, 195.0000, 225.0000, 300000.0, 1000000.
"rcp3", 160000, 390000, 384.0000, .4444444444444444, 1, 4, 8, 4, 195.0000, 225.0000, 1000000., 3000000.
"rcp3", 160000, 390000, 108.0000, .1250000000000000, 1, 4, 9, 1, 225.0000, 255.0000, .000000, 100000.0
"rcp3", 160000, 390000, 216.0000, .2500000000000000, 1, 4, 9, 2, 225.0000, 255.0000, 100000.0, 300000.0
"rcp3", 160000, 390000, 324.0000, .3750000000000000, 1, 4, 9, 3, 225.0000, 255.0000, 300000.0, 1000000.
"rcp3", 160000, 390000, 432.0000, .5000000000000000, 1, 4, 9, 4, 225.0000, 255.0000, 1000000., 3000000.
"rcp3", 160000, 390000, 120.0000, .1388888888888889, 1, 4, 10, 1, 255.0000, 285.0000, .000000, 100000.0
"rcp3", 160000, 390000, 240.0000, .2777777777777778, 1, 4, 10, 2, 255.0000, 285.0000, 100000.0, 300000.0
"rcp3", 160000, 390000, 360.0000, .4166666666666667, 1, 4, 10, 3, 255.0000, 285.0000, 300000.0, 1000000.
"rcp3", 160000, 390000, 480.0000, .5555555555555556, 1, 4, 10, 4, 255.0000, 285.0000, 1000000., 3000000.
"rcp3", 160000, 390000, 132.0000, .1527777777777778, 1, 4, 11, 1, 285.0000, 315.0000, .000000, 100000.0
"rcp3", 160000, 390000, 264.0000, .3055555555555556, 1, 4, 11, 2, 285.0000, 315.0000, 100000.0, 300000.0
"rcp3", 160000, 390000, 396.0000, .4583333333333333, 1, 4, 11, 3, 285.0000, 315.0000, 300000.0, 1000000.
"rcp3", 160000, 390000, 528.0000, .6111111111111112, 1, 4, 11, 4, 285.0000, 315.0000, 1000000., 3000000.
"rcp3", 160000, 390000, 144.0000, .1666666666666667, 1, 4, 12, 1, 315.0000, 345.0000, .000000, 100000.0
"rcp3", 160000, 390000, 288.0000, .3333333333333333, 1, 4, 12, 2, 315.0000, 345.0000, 100000.0, 300000.0
"rcp3", 160000, 390000, 432.0000, .5000000000000000, 1, 4, 12, 3, 315.0000, 345.0000, 300000.0, 1000000.
"rcp3", 160000, 390000, 576.0000, .6666666666666666, 1, 4, 12, 4, 315.0000, 345.0000, 1000000., 3000000.
"rcp3", 160000, 390000, 15.00000, .1736111111111111E-01, 1, 5, 1, 1, -15.00000, 15.00000, .000000, 100000.0
"rcp3", 160000, 390000, 30.00000, .3472222222222222E-01, 1, 5, 1, 2, -15.00000, 15.00000, 100000.0, 300000.0
"rcp3", 160000, 390000, 45.00000, .5208333333333334E-01, 1, 5, 1, 3, -15.00000, 15.00000, 300000.0, 1000000.
"rcp3", 160000, 390000, 60.00000, .6944444444444445E-01, 1, 5, 1, 4, -15.00000, 15.00000, 1000000., 3000000.
"rcp3", 160000, 390000, 30.00000, .3472222222222222E-01, 1, 5, 2, 1, 15.00000, 45.00000, .000000, 100000.0
"rcp3", 160000, 390000, 60.00000, .6944444444444445E-01, 1, 5, 2, 2, 15.00000, 45.00000, 100000.0, 300000.0
"rcp3", 160000, 390000, 90.00000, .1041666666666667, 1, 5, 2, 3, 15.00000, 45.00000, 300000.0, 1000000.
"rcp3", 160000, 390000, 120.0000, .1388888888888889, 1, 5, 2, 4, 15.00000, 45.00000, 1000000., 3000000.
"rcp3", 160000, 390000, 45.00000, .5208333333333334E-01, 1, 5, 3, 1, 45.00000, 75.00000, .000000, 100000.0
"rcp3", 160000, 390000, 90.00000, .1041666666666667, 1, 5, 3, 2, 45.00000, 75.00000, 100000.0, 300000.0
"rcp3", 160000, 390000, 135.0000, .1562500000000000, 1, 5, 3, 3, 45.00000, 75.00000, 300000.0, 1000000.
"rcp3", 160000, 390000, 180.0000, .2083333333333333, 1, 5, 3, 4, 45.00000, 75.00000, 1000000., 3000000.
"rcp3", 160000, 390000, 60.00000, .6944444444444445E-01, 1, 5, 4, 1, 75.00000, 105.0000, .000000, 100000.0
"rcp3", 160000, 390000, 120.0000, .1388888888888889, 1, 5, 4, 2, 75.00000, 105.0000, 100000.0, 300000.0
"rcp3", 160000, 390000, 180.0000, .2083333333333333, 1, 5, 4, 3, 75.00000, 105.0000, 300000.0, 1000000.
"rcp3", 160000, 390000, 240.0000, .2777777777777778, 1, 5, 4, 4, 75.00000, 105.0000, 1000000., 3000000.
"rcp3", 160000, 390000, 75.00000, .8680555555555555E-01, 1, 5, 5, 1, 105.0000, 135.0000, .000000, 100000.0
"rcp3", 160000, 390000, 150.0000, .1736111111111111, 1, 5, 5, 2, 105.0000, 135.0000, 100000.0, 300000.0
"rcp3", 160000, 390000, 225.0000, .2604166666666667, 1, 5, 5, 3, 105.0000, 135.0000, 300000.0, 1000000.
"rcp3", 160000, 390000, 300.0000, .3472222222222222, 1, 5, 5, 4, 105.0000, 135.0000, 1000000., 3000000.
"rcp3", 160000, 390000, 90.00000, .1041666666666667, 1, 5, 6, 1, 135.0000, 165.0000, .000000, 100000.0
"rcp3", 160000, 390000, 180.0000, .2083333333333333, 1, 5, 6, 2, 135.0000, 165.0000, 100000.0, 300000.0
"rcp3", 160000, 390000, 270.0000, .3125000000000000, 1, 5, 6, 3, 135.0000, 165.0000, 300000.0, 1000000.
"rcp3", 160000, 390000, 360.0000, .4166666666666667, 1, 5, 6, 4, 135.0000, 165.0000, 1000000., 3000000.
"rcp3", 160000, 390000, 105.0000, .1215277777777778, 1, 5, 7, 1, 165.0000, 195.0000, .000000, 100000.0
"rcp3", 160000, 390000, 210.0000, .2430555555555556, 1, 5, 7, 2, 165.0000, 195.0000, 100000.0, 300000.0
"rcp3", 160000, 390000, 315.0000, .3645833333333333, 1, 5, 7, 3, 165.0000, 195.0000, 300000.0, 1000000.
"rcp3", 160000, 390000, 420.0000, .4861111111111111, 1, 5, 7, 4, 165.0000, 195.0000, 1000000., 3000000.
"rcp3", 160000, 390000, 120.0000, .1388888888888889, 1, 5, 8, 1, 195.0000, 225.0000, .000000, 100000.0
"rcp3", 160000, 390000, 240.0000, .2777777777777778, 1, 5, 8, 2, 195.0000, 225.0000, 100000.0, 300000.0
"rcp3", 160000, 390000, 360.0000, .4166666666666667, 1, 5, 8, 3, 195.0000, 225.0000, 300000.0, 1000000.
"rcp3", 160000, 390000, 480.0000, .5555555555555556, 1, 5, 8, 4, 195.0000, 225.0000, 1000000., 3000000.
"rcp3", 160000, 390000, 135.0000, .1562500000000000, 1, 5, 9, 1, 225.0000, 255.0000, .000000, 100000.0
"rcp3", 160000, 390000, 270.0000, .3125000000000000, 1, 5, 9, 2, 225.0000, 255.0000, 100000.0, 300000.0
"rcp3", 160000, 390000, 405.0000, .4687500000000000, 1, 5, 9, 3, 225.0000, 255.0000, 300000.0, 1000000.
"rcp3", 160000, 390000, 540.0000, .6250000000000000, 1, 5, 9, 4, 225.0000, 255.0000, 1000000., 3000000.
"rcp3", 160000, 390000, 150.0000, .1736111111111111, 1, 5, 10, 1, 255.0000, 285.0000, .000000, 100000.0
"rcp3", 160000, 390000, 300.0000, .3472222222222222, 1, 5, 10, 2, 255.0000, 285.0000, 100000.0, 300000.0
"rcp3", 160000, 390000, 450.0000, .5208333333333334, 1, 5, 10, 3, 255.0000, 285.0000, 300000.0, 1000000.
"rcp3", 160000, 390000, 600.0000, .6944444444444444, 1, 5, 10, 4, 255.0000, 285.0000, 1000000., 3000000.
"rcp3", 160000, 390000, 165.0000, .1909722222222222, 1, 5, 11, 1, 285.0000, 315.0000, .000000, 100000.0
"rcp3", 160000, 390000, 330.0000, .3819444444444444, 1, 5, 11, 2, 285.0000, 315.0000, 100000.0, 300000.0
"rcp3", 160000, 390000, 495.0000, .5729166666666666, 1, 5, 11, 3, 285.0000, 315.0000, 300000.0, 1000000.
"rcp3", 160000, 390000, 660.0000, .7638888888888888, 1, 5, 11, 4, 285.0000, 315.0000, 1000000., 3000000.
"rcp3", 160000, 390000, 180.0000, .2083333333333333, 1, 5, 12, 1, 315.0000, 345.0000, .000000, 100000.0
"rcp3", 160000, 390000, 360.0000, .4166666666666667, 1, 5, 12, 2, 315.0000, 345.0000, 100000.0, 300000.0
"rcp3", 160000, 390000, 540.0000, .6250000000000000, 1, 5, 12, 3, 315.0000, 345.0000, 300000.0, 1000000.
"rcp3", 160000, 390000, 720.0000, .8333333333333334, 1, 5, 12, 4, 315.0000, 345.0000, 1000000., 3000000.
"rcp3", 160000, 390000, 18.00000, .2083333333333333E-01, 1, 6, 1, 1, -15.00000, 15.00000, .000000, 100000.0
"rcp3", 160000, 390000, 36.00000, .4166666666666666E-01, 1, 6, 1, 2, -15.00000, 15.00000, 100000.0, 300000.0
"rcp3", 160000, 390000, 54.00000, .6250000000000000E-01, 1, 6, 1, 3, -15.00000, 15.00000, 300000.0, 1000000.
"rcp3", 160000, 390000, 72.00000, .8333333333333333E-01, 1, 6, 1, 4, -15.00000, 15.00000, 1000000., 3000000.
"rcp3", 160000, 390000, 36.00000, .4166666666666666E-01, 1, 6, 2, 1, 15.00000, 45.00000, .000000, 100000.0
"rcp3", 160000, 390000, 72.00000, .8333333333333333E-01, 1, 6, 2, 2, 15.00000, 45.00000, 100000.0, 300000.0
"rcp3", 160000, 390000, 108.0000, .1250000000000000, 1, 6, 2, 3, 15.00000, 45.00000, 300000.0, 1000000.
"rcp3", 160000, 390000, 144.0000, .1666666666666667, 1, 6, 2, 4, 15.00000, 45.00000, 1000000., 3000000.
"rcp3", 160000, 390000, 54.00000, .6250000000000000E-01, 1, 6, 3, 1, 45.00000, 75.00000, .000000, 100000.0
"rcp3", 160000, 390000, 108.0000, .1250000000000000, 1, 6, 3, 2, 45.00000, 75.00000, 100000.0, 300000.0
"rcp3", 160000, 390000, 162.0000, .1875000000000000, 1, 6, 3, 3, 45.00000, 75.00000, 300000.0, 1000000.
"rcp3", 160000, 390000, 216.0000, .2500000000000000, 1, 6, 3, 4, 45.00000, 75.00000, 1000000., 3000000.
"rcp3", 160000, 390000, 72.00000, .8333333333333333E-01, 1, 6, 4, 1, 75.00000, 105.0000, .000000, 100000.0
"rcp3", 160000, 390000, 144.0000, .1666666666666667, 1, 6, 4, 2, 75.00000, 105.0000, 100000.0, 300000.0
"rcp3", 160000, 390000, 216.0000, .2500000000000000, 1, 6, 4, 3, 75.00000, 105.0000, 300000.0, 1000000.
"rcp3", 160000, 390000, 288.0000, .3333333333333333, 1, 6, 4, 4, 75.00000, 105.0000, 1000000., 3000000.
"rcp3", 160000, 390000, 90.00000, .1041666666666667, 1, 6, 5, 1, 105.0000, 135.0000, .000000, 100000.0
"rcp3", 160000, 390000, 180.0000, .2083333333333333, 1, 6, 5, 2, 105.0000, 135.0000, 100000.0, 300000.0
"rcp3", 160000, 390000, 270.0000, .3125000000000000, 1, 6, 5, 3, 105.0000, 135.0000, 300000.0, 1000000.
"rcp3", 160000, 390000, 360.0000, .4166666666666667, 1, 6, 5, 4, 105.0000, 135.0000, 1000000., 3000000.
"rcp3", 160000, 390000, 108.0000, .1250000000000000, 1, 6, 6, 1, 135.0000, 165.0000, .000000, 100000.0
"rcp3", 160000, 390000, 216.0000, .2500000000000000, 1, 6, 6, 2, 135.0000, 165.0000, 100000.0, 300000.0
"rcp3", 160000, 390000, 324.0000, .3750000000000000, 1, 6, 6, 3, 135.0000, 165.0000, 300000.0, 1000000.
"rcp3", 160000, 390000, 432.0000, .5000000000000000, 1, 6, 6, 4, 135.0000, 165.0000, 1000000., 3000000.
"rcp3", 160000, 390000, 126.0000, .1458333333333333, 1, 6, 7, 1, 165.0000, 195.0000, .000000, 100000.0
"rcp3", 160000, 390000, 252.0000, .2916666666666667, 1, 6, 7, 2, 165.0000, 195.0000, 100000.0, 300000.0
"rcp3", 160000, 390000, 378.0000, .4375000000000000, 1, 6, 7, 3, 165.0000, 195.0000, 300000.0, 1000000.
"rcp3", 160000, 390000, 504.0000, .5833333333333334, 1, 6, 7, 4, 165.0000, 195.0000, 1000000., 3000000.
"rcp3", 160000, 390000, 144.0000, .1666666666666667, 1, 6, 8, 1, 195.0000, 225.0000, .000000, 100000.0
"rcp3", 160000, 390000, 288.0000, .3333333333333333, 1, 6, 8, 2, 195.0000, 225.0000, 100000.0, 300000.0
"rcp3", 160000, 390000, 432.0000, .5000000000000000, 1, 6, 8, 3, 195.0000, 225.0000, 300000.0, 1000000.
"rcp3", 160000, 390000, 576.0000, .6666666666666666, 1, 6, 8, 4, 195.0000, 225.0000, 1000000., 3000000.
"rcp3", 160000, 390000, 162.0000, .1875000000000000, 1, 6, 9, 1, 225.0000, 255.0000, .000000, 100000.0
"rcp3", 160000, 390000, 324.0000, .3750000000000000, 1, 6, 9, 2, 225.0000, 255.0000, 100000.0, 300000.0
"rcp3", 160000, 390000, 486.0000, .5625000000000000, 1, 6, 9, 3, 225.0000, 255.0000, 300000.0, 1000000.
"rcp3", 160000, 390000, 648.0000, .7500000000000000, 1, 6, 9, 4, 225.0000, 255.0000, 1000000., 3000000.
"rcp3", 160000, 390000, 180.0000, .2083333333333333, 1, 6, 10, 1, 255.0000, 285.0000, .000000, 100000.0
"rcp3", 160000, 390000, 360.0000, .4166666666666667, 1, 6, 10, 2, 255.0000, 285.0000, 100000.0, 300000.0
"rcp3", 160000, 390000, 540.0000, .6250000000000000, 1, 6, 10, 3, 255.0000, 285.0000, 300000.0, 1000000.
"rcp3", 160000, 390000, 720.0000, .8333333333333334, 1, 6, 10, 4, 255.0000, 285.0000, 1000000., 3000000.
"rcp3", 160000, 390000, 198.0000, .2291666666666667, 1, 6, 11, 1, 285.0000, 315.0000, .000000, 100000.0
"rcp3", 160000, 390000, 396.0000, .4583333333333333, 1, 6, 11, 2, 285.0000, 315.0000, 100000.0, 300000.0
"rcp3", 160000, 390000, 594.0000, .6875000000000000, 1, 6, 11, 3, 285.0000, 315.0000, 300000.0, 1000000.
"rcp3", 160000, 390000, 792.0000, .9166666666666666, 1, 6, 11, 4, 285.0000, 315.0000, 1000000., 3000000.
"rcp3", 160000, 390000, 216.0000, .2500000000000000, 1, 6, 12, 1, 315.0000, 345.0000, .000000, 100000.0
"rcp3", 160000, 390000, 432.0000, .5000000000000000, 1, 6, 12, 2, 315.0000, 345.0000, 100000.0, 300000.0
"rcp3", 160000, 390000, 648.0000, .7500000000000000, 1, 6, 12, 3, 315.0000, 345.0000, 300000.0, 1000000.
"rcp3", 160000, 390000, 864.0000, 1.000000000000000, 1, 6, 12, 4, 315.0000, 345.0000, 1000000., 3000000.
 
